級別,單字,中文
1,a/an,一個/一個
1,ability,能力
1,able,有能力的
1,about,關於
1,above,多於
1,abroad,國外
1,across,穿過
1,act,行為
1,action,行動
1,actor/actress,男演員/女演員
1,add,添加
1,afraid,害怕的
1,after,後
1,afternoon,午安
1,again,再次
1,age,年齡
1,ago,前
1,agree,同意
1,air,空氣
1,airplane/plane,飛機/飛機
1,airport,飛機場
1,all,全部
1,allow,允許
1,almost,幾乎
1,along,沿著
1,already,已經
1,also,也
1,although,雖然
1,always,總是
1,am/a.m.,上午/上午
1,and,和
1,angry,生氣的
1,animal,動物
1,another,其他
1,answer,回答
1,ant,螞蟻
1,any,任何
1,anybody/anyone,任何人/任何人
1,anything,任何事物
1,apartment,公寓
1,appear,出現
1,apple,蘋果
1,area,區域
1,arm,手臂
1,around,大約
1,arrive,到達
1,art,藝術
1,as,作為
1,ask,問
1,at,在
1,attack,攻擊
1,aunt,阿姨
1,away,離開
1,baby,嬰兒
1,back,後退
1,bad,壞的
1,bag,包包
1,ball,球
1,banana,香蕉
1,band,樂團
1,bank,銀行
1,baseball,棒球
1,basket,籃子
1,basketball,籃球
1,bat,蝙蝠
1,bath,洗澡
1,bathroom,浴室
1,be,是
1,beach,海灘
1,bean,豆
1,bear,熊
1,beautiful,美麗的
1,because,因為
1,become,變得
1,bed,床
1,bedroom,臥室
1,bee,蜜蜂
1,beef,牛肉
1,before,前
1,begin,開始
1,behind,在後面
1,believe,相信
1,bell,鐘
1,belong,屬於
1,below,以下
1,belt,腰帶
1,bench,長椅
1,beside,旁
1,best,最好的
1,between,之間
1,bicycle/bike,自行車/自行車
1,big,大的
1,bird,鳥
1,bite,咬
1,black,黑色的
1,blind,瞎的
1,block,堵塞
1,blow,吹
1,blue,藍色的
1,boat,船
1,body,身體
1,book,書
1,bored,無聊的
1,boring,無聊的
1,born,出生
1,borrow,借
1,boss,老闆
1,both,兩個都
1,bottle,瓶子
1,bottom,底部
1,bow,弓
1,bowl,碗
1,box,盒子
1,boy,男生
1,brave,勇敢的
1,bread,麵包
1,break,休息
1,breakfast,早餐
1,bridge,橋
1,bright,明亮的
1,bring,帶來
1,brother,兄弟
1,brown,棕色的
1,bug,漏洞
1,build,建造
1,bus,公車
1,business,商業
1,busy,忙碌的
1,but,但
1,butter,奶油
1,butterfly,蝴蝶
1,button,按鈕
1,buy,買
1,by,經過
1,cake,蛋糕
1,call,稱呼
1,camera,相機
1,camp,營
1,can,能
1,cap,帽子
1,car,車
1,card,卡片
1,care,關心
1,careful,小心
1,carrot,紅蘿蔔
1,carry,攜帶
1,case,案件
1,cat,貓
1,catch,抓住
1,celebrate,慶祝
1,cellphone,智慧型手機
1,cent,分
1,center,中心
1,certain,肯定
1,chair,椅子
1,chance,機會
1,change,改變
1,cheap,便宜的
1,check,查看
1,cheese,起司
1,chicken,雞
1,child,孩子
1,chocolate,巧克力
1,choice,選擇
1,choose,選擇
1,church,教會
1,circle,圓圈
1,city,城市
1,class,班級
1,clean,乾淨的
1,clear,清除
1,clerk,職員
1,climb,爬
1,clock,鐘
1,close,關閉
1,clothes,衣服
1,cloud,雲
1,club,俱樂部
1,coat,外套
1,coffee,咖啡
1,cold,寒冷的
1,collect,收集
1,color,顏色
1,come,來
1,comfortable,舒服的
1,common,常見的
1,computer,電腦
1,convenient,方便的
1,cook,廚師
1,cookie,餅乾
1,cool,涼爽的
1,copy,複製
1,corner,角落
1,correct,正確的
1,cost,成本
1,couch,長椅
1,count,數數
1,country,國家
1,course,課程
1,cousin,表哥
1,cover,覆蓋
1,cow,乳牛
1,crazy,瘋狂的
1,cross,叉
1,cry,哭
1,cup,杯子
1,cut,切
1,cute,可愛的
1,dance,舞蹈
1,dangerous,危險的
1,dark,黑暗的
1,date,日期
1,daughter,女兒
1,day,天
1,dead,死的
1,deal,交易
1,dear,親愛的
1,death,死亡
1,decide,決定
1,deep,深的
1,define,定義
1,desk,桌子
1,dictionary,字典
1,die,死
1,different,不同的
1,difficult,難的
1,dig,挖
1,dinner,晚餐
1,dirty,骯髒的
1,dish,盤子
1,do,做
1,doctor/doc,醫生/醫生
1,dog,狗
1,doll,玩具娃娃
1,dollar,美元
1,door,門
1,down,向下
1,dozen,打
1,draw,畫
1,dream,夢
1,dress,裙子
1,drink,喝
1,drive,駕駛
1,driver,司機
1,drop,降低
1,drum,鼓
1,dry,乾燥
1,duck,鴨子
1,during,期間
1,each,每個
1,ear,耳朵
1,early,早期的
1,earth,地球
1,east,東方
1,easy,簡單的
1,eat,吃
1,egg,蛋
1,either,任何一個
1,elephant,大象
1,else,別的
1,email,電子郵件
1,end,結尾
1,engineer,工程師
1,enjoy(ment),享受）
1,enough,足夠的
1,enter,進入
1,envelope,信封
1,eraser,橡皮
1,error,錯誤
1,even,甚至
1,evening,晚上
1,ever,曾經
1,every,每一個
1,everyone/everybody,每個人/每個人
1,everything,一切
1,example,例子
1,excellent,出色的
1,except,除了
1,excited,興奮的
1,exciting,令人興奮的
1,exercise,鍛鍊
1,expect,預計
1,expensive,昂貴的
1,experience,經驗
1,explain,解釋
1,eye,眼睛
1,face,臉
1,fact,事實
1,factory,工廠
1,fail,失敗
1,fall,落下
1,family,家庭
1,famous,著名的
1,fan,扇子
1,far,遠的
1,farm,農場
1,farmer,農民
1,fast,快速地
1,fat,胖的
1,father,父親
1,feed,餵食
1,feel,感覺
1,festival,節慶
1,few,很少
1,fight,鬥爭
1,file,文件
1,fill,充滿
1,finally,最後
1,find,尋找
1,fine,美好的
1,finger,手指
1,finish,結束
1,fire,火
1,first,第一的
1,fish,魚
1,floor,地面
1,flower,花
1,fly,飛
1,follow,跟隨
1,food,食物
1,fool,傻子
1,foot,腳
1,for,為了
1,foreign,外國的
1,foreigner,外國人
1,forget,忘記
1,fork,叉
1,free,自由的
1,fresh,新鮮的
1,friend,朋友
1,friendly,友善的
1,frog,青蛙
1,from,從
1,front,正面
1,fruit,水果
1,full,滿的
1,fun,樂趣
1,funny,有趣的
1,future,未來
1,game,遊戲
1,garden,花園
1,gate,門
1,get,得到
1,ghost,鬼
1,giant,巨大的
1,gift,禮物
1,girl,女孩
1,give,給
1,glad,高興的
1,glass,玻璃
1,glasses,眼鏡
1,glove(s),手套）
1,go,去
1,god/goddess,男神/女神
1,good,好的
1,goodbye,再見
1,grade,年級
1,grandfather,祖父
1,grandmother,祖母
1,grass,草
1,gray,灰色的
1,great,偉大的
1,green,綠色的
1,ground,地面
1,group,團體
1,grow,生長
1,guess,猜測
1,guitar,吉他
1,guy,傢伙
1,habit,習慣
1,hair,頭髮
1,half,一半
1,ham,火腿
1,hand,手
1,hang,懸掛
1,happen,發生
1,happy,快樂的
1,hard,難的
1,hat,帽子
1,hate,恨
1,have,有
1,"he (him, his, himself)",他（他，他的，他自己）
1,head,頭
1,headache,頭痛
1,health,健康
1,healthy,健康
1,hear,聽到
1,heart,心
1,heat,熱
1,heavy,重的
1,height,高度
1,hello,你好
1,help,幫助
1,helpful,有幫助的
1,hen,母雞
1,here,這裡
1,hide,隱藏
1,high,高的
1,hill,爬坡道
1,history,歷史
1,hit,打
1,hobby,嗜好
1,hold,抓住
1,holiday,假期
1,home,家
1,homework,家庭作業
1,honest,誠實的
1,honey,蜂蜜
1,hope,希望
1,horse,馬
1,hospital,醫院
1,hot,熱的
1,hotel,飯店
1,hour,小時
1,house,房子
1,housewife,家庭主婦
1,how,如何
1,however,然而
1,hundred,百
1,hungry,飢餓的
1,hurt,傷害
1,husband,丈夫
1,"I (me, my, mine, myself)",我（我，我的，我的，我自己）
1,ice,冰
1,idea,主意
1,if,如果
1,important,重要的
1,in,在
1,inch,英吋
1,insect,昆蟲
1,inside,裡面
1,interest,興趣
1,interested,有興趣的
1,interesting,有趣的
1,interview,面試
1,into,進入
1,invite,邀請
1,island,島
1,"it (its, itself)",它（它的，它本身）
1,item,物品
1,jacket,夾克
1,jeans,牛仔褲
1,job,工作
1,join,加入
1,joke,開玩笑
1,joy,喜悅
1,juice,汁
1,jump,跳
1,just,只是
1,keep,保持
1,key,鑰匙
1,kick,踢
1,kid,孩子
1,kill,殺
1,kind,種類
1,king,國王
1,kiss,吻
1,kitchen,廚房
1,kite,風箏
1,knee,膝蓋
1,knife,刀
1,knock,敲
1,know,知道
1,knowledge n. lake,知識湖
1,lamp,燈
1,land,土地
1,language,語言
1,large,大的
1,last,最後的
1,late,晚的
1,later,之後
1,laugh,笑
1,lawyer,律師
1,lazy,懶惰的
1,lead,帶領
1,leader,領導者
1,learn,學習
1,least,至少
1,leave,離開
1,left,左邊
1,leg,腿
1,lemon,檸檬
1,less,較少的
1,lesson,課
1,let,讓
1,letter,信
1,level,等級
1,library,圖書館
1,lie,說謊
1,life,生活
1,light,光
1,like,喜歡
1,line,線
1,lion,獅子
1,lip,唇
1,list,清單
1,listen,聽
1,little,小的
1,live,居住
1,lonely,孤獨
1,long,長的
1,look,看
1,lose,失去
1,lot,很多
1,loud,大聲
1,love,愛
1,lovely,迷人的
1,low,低的
1,lucky,幸運的
1,lunch,午餐
1,machine,機器
1,mad,瘋狂的
1,magic,魔法
1,mail,郵件
1,main,主要的
1,make,製作
1,man,男人
1,many,許多
1,map,地圖
1,mark,標記
1,market,市場
1,married,已婚
1,mathematics/math,數學/數學
1,matter,事
1,may,可能
1,maybe,或許
1,meal,一頓飯
1,mean,意思是
1,meat,肉
1,media,媒體
1,medicine,藥物
1,medium,中等的
1,meet,見面
1,meeting,會議
1,member,成員
1,menu,選單
1,middle,中間
1,milk,牛奶
1,million,百萬
1,mind,頭腦
1,mine,礦
1,minute,分分鐘
1,miss,錯過
1,mistake,錯誤
1,modern,現代的
1,moment,片刻
1,money,錢
1,monkey,猴
1,month,月
1,moon,月亮
1,more,更多的
1,morning,早晨
1,most,最多
1,mother,母親
1,mountain,山
1,mouse,老鼠
1,mouth,嘴
1,move(ment),移動）
1,movie/film,電影/電影
1,Mr./Mister,先生/先生
1,Mrs.,太太。
1,Ms.,多發性硬化症。
1,much,很多
1,mud,土
1,museum,博物館
1,music,音樂
1,must,必須
1,name,姓名
1,national,國家的
1,nature,自然
1,near,靠近
1,neck,脖子
1,need,需要
1,net,網
1,never,絕不
1,new,新的
1,news,訊息
1,newspaper,報紙
1,next,下一個
1,nice,好的
1,night,夜晚
1,no/nope,不/不
1,nobody,沒有人
1,noise,噪音
1,noisy,吵雜
1,noon,中午
1,north,北
1,nose,鼻子
1,not,不是
1,note,筆記
1,nothing,沒有什麼
1,notice,注意
1,now,現在
1,number,數位
1,nurse,護士
1,O.K./OK/okay,好的/好的/好的
1,o’clock,點鐘
1,of,的
1,off,離開
1,office,辦公室
1,officer,官
1,often,常
1,oil,油
1,old,老的
1,on,在
1,once,一次
1,online,在線的
1,only,僅有的
1,open,打開
1,or,或者
1,orange,橘子
1,order,命令
1,other,其他
1,out,出去
1,outside,外部
1,over,超過
1,own,自己的
1,pack,盒
1,package,包裹
1,page,頁
1,paint,畫
1,pair,一對
1,pants,褲子
1,paper,紙
1,parent(s),父母）
1,park,公園
1,part,部分
1,party,派對
1,pass,經過
1,past,過去的
1,pay(ment),支付）
1,pen,筆
1,pencil,鉛筆
1,people,人們
1,perhaps,也許
1,person,人
1,pet,寵物
1,photograph/photo,照片/照片
1,piano,鋼琴
1,pick,挑選
1,picnic,野餐
1,picture,圖片
1,pie,派
1,piece,片
1,pig,豬
1,pin,別針
1,pink,粉紅色的
1,pipe,管道
1,place,地方
1,plan,計劃
1,planet,行星
1,plant,植物
1,plate,盤子
1,play,玩
1,player,玩家
1,please,請
1,pleasure,樂趣
1,pm/p.m.,下午/下午
1,pocket,口袋
1,point,觀點
1,police,警察
1,polite,有禮貌的
1,pond,池塘
1,pool,水池
1,poor,貧窮的
1,popcorn,爆米花
1,popular,受歡迎的
1,possible,可能的
1,pot,鍋
1,potato,馬鈴薯
1,power,力量
1,practice,實踐
1,prepare,準備
1,present,展示
1,pretty,漂亮的
1,price,價格
1,probably,大概
1,problem,問題
1,program,程式
1,proud,自豪的
1,public,民眾
1,pull,拉
1,push,推
1,put,放
1,quarter,四分之一
1,queen,女王
1,question,問題
1,quick,快的
1,quiet,安靜的
1,quite,相當
1,rabbit,兔子
1,race,種族
1,radio,收音機
1,rain,雨
1,rainbow,彩虹
1,rainy,下雨的
1,raise,增加
1,reach,抵達
1,read,讀
1,ready,準備好
1,real,真實的
1,really,真的
1,reason,原因
1,red,紅色的
1,relative,相對的
1,remember,記住
1,repeat,重複
1,report,報告
1,reporter,記者
1,rest,休息
1,restaurant,餐廳
1,rice,米
1,rich,富有的
1,ride,騎
1,right,正確的
1,ring,戒指
1,rise,上升
1,river,河
1,road,路
1,robot,機器人
1,rock,岩石
1,roll,卷
1,room,房間
1,root,根
1,rope,繩索
1,rose,玫瑰
1,round,圓形的
1,row,排
1,rule,規則
1,ruler,統治者
1,run,跑步
1,sad,傷心
1,safe,安全的
1,salad,沙拉
1,sale,銷售
1,salt,鹽
1,same,相同的
1,save,節省
1,say,說
1,school,學校
1,science,科學
1,sea,海
1,season,季節
1,seat,座位
1,second,第二
1,secretary,秘書
1,see,看
1,seed,種子
1,sell,賣
1,send,傳送
1,sentence,句子
1,serious,嚴肅的
1,service,服務
1,set,放
1,several,一些
1,shake,搖
1,shall,將
1,shape,形狀
1,share,分享
1,sharp,鋒利的
1,"she (her, hers, herself)",她（她的，她的，她自己）
1,sheep,羊
1,ship,船
1,shirt,襯衫
1,shoe(s),鞋）
1,shop,店鋪
1,short,短的
1,shorts,短褲
1,shoulder,肩膀
1,shout,喊
1,show,展示
1,shower,淋浴
1,sick,生病的
1,side,邊
1,sight,視線
1,sign,符號
1,simple,簡單的
1,since,自從
1,sing,唱歌
1,singer,歌手
1,sir,先生
1,sister,姊姊
1,sit,坐
1,size,尺寸
1,skirt,裙子
1,sky,天空
1,sleep,睡覺
1,slim,苗條的
1,slow,慢的
1,small,小的
1,smart,聰明的
1,smell,聞
1,smile,微笑
1,smoke,抽煙
1,snake,蛇
1,snow,雪
1,so,所以
1,sofa,沙發
1,soldier,士兵
1,some,一些
1,someone/somebody,某人/某人
1,something,某物
1,sometimes,有時
1,somewhere,某處
1,son,兒子
1,song,歌曲
1,soon,很快
1,sore,瘡
1,sorry,對不起
1,sound,聲音
1,soup,湯
1,south,南
1,space,空間
1,speak,說話
1,special,特別的
1,spell,拼字
1,spend,花費
1,spring,春天
1,square,方塊
1,stair,樓梯
1,stand,站立
1,star,星星
1,start,開始
1,station,車站
1,stay,停留
1,still,仍然
1,stop,停止
1,store,店鋪
1,story,故事
1,straight,直的
1,strange,奇怪的
1,street,街道
1,string,細繩
1,strong,強的
1,student,學生
1,study,學習
1,stupid,愚蠢的
1,subject,主題
1,successful,成功的
1,sugar,糖
1,sun,太陽
1,sunny,陽光明媚
1,supermarket,超市場
1,sure,當然
1,surprise,驚喜
1,surprised,驚訝
1,sweet,甜的
1,table,桌子
1,tail,尾巴
1,take,拿
1,talk,演講
1,tall,高的
1,tape,磁帶
1,taste,品嚐
1,taxicab/taxi/cab,出租車/出租車/出租車
1,tea,茶
1,teach,教
1,teacher,老師
1,team,團隊
1,teenager,青少年
1,telephone/phone,電話/電話
1,television/TV,電視/電視
1,tell,告訴
1,temple,寺廟
1,tennis,網球
1,terrible,糟糕的
1,test,測試
1,than,比
1,thank,感謝
1,that,那
1,the,這
1,theater,劇院
1,then,然後
1,there,那裡
1,these,這些
1,"they (them, their, theirs, themselves)",他們（他們，他們的，他們的，他們自己）
1,thick,厚的
1,thin,薄的
1,thing,事物
1,think,思考
1,third,第三
1,this,這
1,those,那些
1,though,儘管
1,thousand,千
1,throat,喉
1,through,透過
1,throw,丟
1,ticket,票
1,tidy,整齊的
1,tie,領帶
1,tiger,老虎
1,time,時間
1,tip,提示
1,tired,疲勞的
1,to,到
1,today,今天
1,toe,腳趾
1,together,一起
1,toilet,洗手間
1,tomato,番茄
1,tomorrow,明天
1,tonight,今晚
1,too,也
1,tool,工具
1,tooth,齒
1,top,頂部
1,topic,話題
1,total,全部的
1,touch,觸碰
1,towel,毛巾
1,town,鎮
1,toy,玩具
1,traffic,交通
1,train,火車
1,treat,對待
1,tree,樹
1,trip,旅行
1,trouble,麻煩
1,truck,卡車
1,try,嘗試
1,T-shirt,T恤
1,turn,轉動
1,twice,兩次
1,type,類型
1,uncle,叔叔
1,under,在下面
1,understand,理解
1,uniform,制服
1,until,直到
1,up,向上
1,use,使用
1,useful,有用
1,usually,通常
1,vegetable,蔬菜
1,very,非常
1,video,影片
1,violin,小提琴
1,visit,訪問
1,visitor,遊客
1,voice,嗓音
1,wait,等待
1,wake,喚醒
1,walk,走
1,wall,牆
1,want,想
1,warm,溫暖的
1,watch,手錶
1,water,水
1,wave,海浪
1,way,方式
1,"we (us, our, ours, ourselves)",我們（我們，我們的，我們的，我們自己）
1,weak,虛弱的
1,wear,穿
1,weather,天氣
1,week,星期
1,weekend,週末
1,welcome,歡迎
1,well,出色地
1,west,西方
1,wet,濕的
1,what,什麼
1,when,什麼時候
1,where,在哪裡
1,whether,無論
1,which,哪個
1,while,儘管
1,white,白色的
1,who,世界衛生組織
1,whose,誰
1,why,為什麼
1,wide,寬的
1,wife,妻子
1,will,將要
1,win,贏
1,wind,風
1,window,窗戶
1,wise,明智的
1,wish,希望
1,with,和
1,without,沒有
1,woman,女士
1,wonderful,精彩的
1,word,單字
1,work,工作
1,worker,勞工
1,world,世界
1,worry,擔心
1,write,寫
1,writer,作家
1,wrong,錯誤的
1,yard,庭院
1,year,年
1,yellow,黃色的
1,yes/yeah,是/是
1,yesterday,昨天
1,yet,然而
1,"you (your, yours, yourself, yourselves)",你（你的，你的，你自己，你自己）
1,young,年輕的
1,zero,零
1,zoo,動物園
2,absence,缺席
2,absent,缺席的
2,accept,接受
2,accident,意外事故
2,account,帳戶
2,active,積極的
2,activity,活動
2,actual,實際的
2,addition,添加
2,address,地址
2,admit,承認
2,adult,成人
2,advance,進步
2,advice,建議
2,affair,事務
2,affect,影響
2,against,反對
2,ahead,前面
2,aid,援助
2,aim,目的
2,aircraft,飛機
2,alarm,警報
2,album,專輯
2,alike,一樣
2,alive,活
2,alone,獨自的
2,aloud,大聲地
2,altogether,共
2,among,之中
2,amount,數量
2,ancient,古老的
2,anger,憤怒
2,angle,角度
2,ankle,踝
2,anytime,隨時
2,anyway,反正
2,anywhere/anyplace,任何地方/任何地方
2,ape,猿
2,appearance,外貌
2,appetite,食慾
2,apply,申請
2,appreciate,欣賞
2,approach,方法
2,argue(argument),爭論（爭論）
2,army,軍隊
2,arrange(ment),安排）
2,arrival,到達
2,arrow,箭
2,article,文章
2,artist,藝術家
2,asleep,睡著了
2,attempt,試圖
2,attend,出席
2,attention,注意力
2,author,作者
2,available,可用的
2,average,平均的
2,avoid,避免
2,backpack,背包
2,backward,落後
2,backward/backwards,向後/向後
2,badminton,羽毛球
2,bake,烤
2,bakery,麵包店
2,balance,平衡
2,balcony,陽台
2,balloon,氣球
2,bar,酒吧
2,barbecue,燒烤
2,barber,理髮師
2,bark,吠
2,base,根據
2,basic,基本的
2,basics,基礎知識
2,basis,基礎
2,bathe,洗澡
2,battle,戰鬥
2,beard,鬍鬚
2,beat,打
2,beauty,美麗
2,beer,啤酒
2,beg,求
2,beginner,初學者
2,behave,表現
2,being,存在
2,belief,信仰
2,bend,彎曲
2,better,更好的
2,beyond,超過
2,bill,帳單
2,billion,十億
2,birth,出生
2,biscuit,餅乾
2,bit,位元
2,blackboard,黑板
2,blame,責備
2,blank,空白的
2,blanket,毯子
2,blood,血
2,board,木板
2,boil,熬
2,bone,骨
2,bookstore,書店
2,border,邊界
2,bother,打擾
2,brain,腦
2,branch,分支
2,brand,品牌
2,brief,簡短的
2,brilliant,傑出的
2,broad,廣闊
2,brush,刷子
2,building,大樓
2,bun,包子
2,burden,負擔
2,burn,燒傷
2,burst,爆裂
2,businessman,商人
2,cabbage,高麗菜
2,caf./cafe,咖啡館/咖啡館
2,cage,籠
2,calendar,日曆
2,calm,冷靜的
2,camel,駱駝
2,cancel,取消
2,cancer,癌症
2,candle,蠟燭
2,capital,首都
2,cartoon,卡通片
2,cash,現金
2,castle,城堡
2,cause,原因
2,ceiling,天花板
2,cell,細胞
2,centimeter,公分
2,central,中央
2,century,世紀
2,cereal,穀物
2,chain,鏈
2,chalk,粉筆
2,challenge,挑戰
2,channel,頻道
2,chapter,章
2,character,特點
2,charge,收費
2,chart,圖表
2,chase,追趕
2,cheat,欺騙
2,cheer,歡呼
2,chemical,化學
2,chess,棋
2,chief,首席
2,childhood,童年
2,childish,幼稚
2,china,中國
2,chopstick(s),筷子）
2,claim,宣稱
2,clap,拍
2,classic,經典的
2,classical,古典
2,classmate,同學
2,clever,聰明的
2,click,點選
2,climate,氣候
2,cloth,布
2,clothing,衣服
2,cloudy,多雲
2,coal,煤炭
2,coast,海岸
2,cockroach/roach,蟑螂/蟑螂
2,cocoa,可可
2,coin,硬幣
2,cola/Coke,可樂/可樂
2,college,大學
2,comb,梳子
2,combine,結合
2,comic(s),漫畫
2,command,命令
2,commercial,商業的
2,company,公司
2,compare,比較
2,complete,完全的
2,complex,複雜的
2,concern,憂慮
2,conclude,得出結論
2,condition,狀態
2,confident,自信的
2,conflict,衝突
2,congratulation(s),恭喜
2,connection,聯繫
2,consider,考慮
2,consideration,考慮
2,contact,接觸
2,contain,包含
2,continue,繼續
2,contract,合約
2,control,控制
2,conversation,對話
2,corn,玉米
2,countryside,農村
2,couple,夫妻
2,courage,勇氣
2,court,法庭
2,cowboy,牛仔
2,crayon,蠟筆
2,cream,奶油
2,create,創造
2,crime,犯罪
2,crisis,危機
2,crow,烏鴉
2,crowd,人群
2,cultural,文化
2,culture,文化
2,cure,治癒
2,curious,好奇的
2,current,目前的
2,curtain,窗簾
2,custom,風俗
2,customer,顧客
2,cycle,循環
2,daily,日常的
2,damage,損害
2,dancer,舞者
2,danger,危險
2,data,數據
2,deaf,聾
2,debate,辯論
2,debt,債務
2,decision,決定
2,deer,鹿
2,degree,程度
2,delay,延遲
2,delicious,可口的
2,deliver,遞送
2,delivery,送貨
2,dentist,牙醫
2,deny,否定
2,department,部門
2,depend,依賴
2,depth,深度
2,describe,描述
2,description,描述
2,desert,沙漠
2,design,設計
2,detail,細節
2,develop(ment),發展）
2,dial,撥號
2,dialogue,對話
2,diamond,鑽石
2,diary,日記
2,diet,飲食
2,difference,不同之處
2,difficulty,困難
2,direct,直接的
2,direction,方向
2,director,導演
2,disagree(ment),不同意（意見）
2,disappear,消失
2,discover,發現
2,discovery,發現
2,discuss,討論
2,discussion,討論
2,disease,疾病
2,display,展示
2,distance,距離
2,distant,遙遠
2,divide,劃分
2,division,分配
2,domestic,國內的
2,dot,點
2,double,雙倍的
2,doubt,懷疑
2,dove,鴿子
2,download,下載
2,downstairs,樓下
2,dragon,龍
2,drama,戲劇
2,drawer,抽屜
2,drawing,繪畫
2,drug,藥物
2,dryer,烘乾機
2,due,到期的
2,dull,乏味的
2,duty,責任
2,eagle,鷹
2,earn,賺
2,earring(s),耳環）
2,earthquake,地震
2,ease,舒適
2,eastern,東
2,edge,邊緣
2,edition,版
2,education,教育
2,effect,影響
2,effective,有效的
2,effort,努力
2,elder,長老
2,electric,電的
2,electrical,電力
2,emotion,情緒
2,emphasize,強調
2,employ(ment),就業（就業）
2,employee,員工
2,employer,雇主
2,empty,空的
2,encourage(ment),鼓勵）
2,ending,結束
2,enemy,敵人
2,energy,活力
2,engine,引擎
2,entire,全部的
2,entrance,入口
2,environment,環境
2,environmental,環境的
2,equal,平等的
2,escape,逃脫
2,especially,尤其
2,essay,散文
2,eve,前夕
2,event,事件
2,evil,邪惡的
2,exact,精確的
2,examination/exam,考試/考試
2,examine,檢查
2,excite(ment),激動）
2,excuse,原諒
2,exist,存在
2,existence,存在
2,exit,出口
2,expense,費用
2,expert,專家
2,express,表達
2,expression,表達
2,extra,額外的
2,eyebrow/brow,眉毛/眉毛
2,factor,因素
2,failure,失敗
2,fair,公平的
2,false,錯誤的
2,fashion,時尚
2,fate,命運
2,fault,過失
2,favor,青睞
2,favorite,最喜歡的
2,fear,害怕
2,feature,特徵
2,fee,費用
2,feeling,感覺
2,fellow,同胞
2,female,女性
2,fever,發燒
2,field,場地
2,figure,數位
2,final,最終的
2,fireman/firewoman,消防員/女消防員
2,firm,公司
2,fisherman,漁夫
2,fit,合身
2,fix,使固定
2,flag,旗幟
2,flat,平坦的
2,flight,航班
2,flow,流動
2,flu,流感
2,focus,重點
2,fog,多霧路段
2,folk,民間
2,following,下列的
2,foolish,愚蠢的
2,football,足球
2,force,力量
2,forest,森林
2,forgive,原諒
2,form,形式
2,formal,正式的
2,former,以前的
2,forth,向前
2,forward,向前
2,forward/forwards,轉發/轉發
2,found,成立
2,fox,狐狸
2,freedom,自由
2,friendship,友誼
2,fries,薯條
2,fry,炒
2,function,功能
2,furniture,家具
2,further,更遠
2,gain,獲得
2,garbage,垃圾
2,gardener,園丁
2,garlic,蒜
2,gather,收集
2,general,一般的
2,generous,慷慨的
2,gentle,溫和的
2,gentleman,紳士
2,giraffe,長頸鹿
2,glue,膠水
2,goal,目標
2,goat,山羊
2,gold,金子
2,golden,金的
2,goose,鵝
2,govern,治理
2,government,政府
2,gradual,漸進的
2,grain,糧食
2,gram,克
2,grand,盛大
2,grape,葡萄
2,greet,迎接
2,growth,生長
2,guard,警衛
2,guava,番石榴
2,guest,客人
2,guide,指導
2,gun,槍
2,gymnasium/gym,體育館/體育館
2,haircut,理髮
2,hall,大廳
2,hamburger/burger,漢堡/漢堡
2,handle,處理
2,handsome,英俊的
2,hardly,幾乎不
2,heaven,天堂
2,hero/heroine,英雄/女主角
2,highly,高度
2,highway,公路
2,hike,遠足
2,hip,時髦的
2,hippopotamus/hippo,河馬
2,historical,歷史的
2,hole,洞
2,hop,跳
2,host/hostess,男主人/女主人
2,huge,巨大的
2,human,人類
2,humble,謙遜的
2,hunt,打獵
2,hunter,獵人
2,hurry,匆忙
2,ideal,理想的
2,identity,身分
2,ignore,忽略
2,ill,患病的
2,image,影像
2,imagine,想像
2,importance,重要性
2,impressive,感人的
2,improve(ment),改進）
2,include,包括
2,income,收入
2,increase,增加
2,indeed,的確
2,independence,獨立
2,independent,獨立的
2,indicate,表明
2,individual,個人
2,industry,產業
2,influence,影響
2,ink,墨水
2,insist,堅持
2,instance,實例
2,instant,立即的
2,instead,反而
2,instruction,操作說明
2,instrument,樂器
2,internal,內部的
2,international,國際的
2,Internet/internet,互聯網/互聯網
2,introduce,介紹
2,introduction,介紹
2,iron,鐵
2,jam,果醬
2,jog,慢跑
2,joint,聯合的
2,journal,雜誌
2,judge,法官
2,judgment/judgement,判斷/判斷
2,justice,正義
2,keeper,守門員
2,ketchup,番茄醬
2,kilogram,公斤
2,lack,缺少
2,lady,女士
2,ladybug,瓢蟲
2,lamb,羊肉
2,lane,車道
2,lantern,燈籠
2,lap,圈
2,latest,最新的
2,latter,後者
2,law,法律
2,lay,躺著
2,leadership,領導
2,leaf,葉子
2,legal,合法的
2,lend,借
2,length,長度
2,lens,鏡片
2,liberal,自由主義
2,lid,蓋
2,lift,舉起
2,likely,可能
2,limit,限制
2,link,關聯
2,liquid,液體
2,listener,聽眾
2,liver,肝
2,load,載入
2,local,當地的
2,lone,孤獨的
2,loss,損失
2,lower,降低
2,luck,運氣
2,magazine,雜誌
2,maintain,維持
2,major,主要的
2,male,男性
2,manage(ment),管理）
2,manager,主管
2,mango,芒果
2,manner,方式
2,marriage,婚姻
2,marry,結婚
2,mask,面具
2,mass,大量的
2,master,掌握
2,mat,墊
2,match,匹配
2,material,材料
2,material,材料
2,mature,成熟
2,meaning,意義
2,means,方法
2,measure(ment),測量）
2,medical,醫療的
2,melody,旋律
2,membership,會員資格
2,memory,記憶
2,mention,提到
2,message,訊息
2,metal,金屬
2,meter,儀表
2,method,方法
2,midnight,午夜
2,mile,英哩
2,military,軍隊
2,minor,次要的
2,minority,少數民族
2,mirror,鏡子
2,mix,混合
2,mixture,混合物
2,model,模型
2,mood,情緒
2,mop,拖把
2,motion,運動
2,motorcycle,摩托車
2,mug,馬克杯
2,musical,音樂
2,musician,音樂家
2,nail,指甲
2,narrow,狹窄的
2,nation,國家
2,natural,自然的
2,naughty,淘氣
2,nearby,附近
2,nearly,幾乎
2,necessary,必要的
2,necklace,項鍊
2,needle,針
2,negative,消極的
2,neighbor,鄰居
2,neither,兩者都不
2,nephew,姪子
2,nerve,神經
2,nervous,緊張的
2,network,網路
2,niece,姪女
2,nod,點點頭
2,none,沒有任何
2,noodle,麵條
2,nor,也不
2,northern,北方
2,notebook,筆記本
2,novel,小說
2,nut,堅果
2,obey,服從
2,object,目的
2,obvious,明顯的
2,occur,發生
2,ocean,海洋
2,offer,提供
2,official,官方的
2,operate,操作
2,operator,操作員
2,opinion,觀點
2,ordinary,普通的
2,organ,器官
2,organization,組織
2,origin,起源
2,owner,擁有者
2,pain,疼痛
2,painful,痛苦
2,painting,繪畫
2,pajamas,睡衣
2,pale,蒼白
2,pan,平底鍋
2,panda,貓熊
2,papaya,木瓜
2,pardon,赦免
2,participate,參加
2,particular,特別的
2,partner,夥伴
2,password,密碼
2,paste,貼上
2,path,小路
2,patient,病人
2,pattern,圖案
2,peace,和平
2,peaceful,和平
2,peach,桃
2,peak,頂峰
2,pear,梨
2,per,每
2,perfect,完美的
2,period,時期
2,personal,個人的
2,personality,性格
2,phrase,短語
2,pillow,枕頭
2,pizza,披薩
2,plain,清楚的
2,platform,平台
2,playground,操場
2,pleasant,令人愉快的
2,plus,加
2,poem,詩
2,poet,詩人
2,poetry,詩
2,poison,毒
2,policeman/cop,警察/警察
2,policy,政策
2,pop,流行音樂
2,population,人口
2,pork,豬肉
2,port,港口
2,pose,姿勢
2,position,位置
2,positive,積極的
2,possibility,可能性
2,post,郵政
2,postcard,明信片
2,pound,磅
2,powerful,強大的
2,praise,稱讚
2,pray,祈禱
2,prayer,禱告
2,prefer,更喜歡
2,president,總統
2,press,按
2,pressure,壓力
2,pride,自豪
2,priest,牧師
2,primary,基本的
2,prince/princess,王子/公主
2,principal,主要的
2,principle,原則
2,print,列印
2,printer,印表機
2,prison,監獄
2,prisoner,囚犯
2,private,私人的
2,prize,獎
2,produce,生產
2,production,生產
2,progress,進步
2,project,專案
2,promise,承諾
2,proper,恰當的
2,propose,提出
2,protect,保護
2,protective,保護的
2,prove,證明
2,provide,提供
2,pudding,布丁
2,pumpkin,南瓜
2,punish(ment),懲罰）
2,pupil,瞳孔
2,puppy,小狗
2,purple,紫色的
2,purpose,目的
2,puzzle,謎
2,quality,品質
2,quantity,數量
2,quiz,測驗
2,railroad/railway,鐵路/鐵路
2,raincoat,雨衣
2,range,範圍
2,rapid,迅速的
2,rare,稀有的
2,rat,鼠
2,rather,相當
2,reality,現實
2,realize,意識到
2,receive,收到
2,recent,最近的
2,record,記錄
2,recover,恢復
2,refrigerator/fridge,冰箱/冰箱
2,refuse,拒絕
2,regard,看待
2,region,地區
2,regular,常規的
2,reject,拒絕
2,relate,涉及
2,relation,關係
2,relationship,關係
2,religion,宗教
2,remove,消除
2,rent,租
2,repair,維修
2,reply,回覆
2,require(ment),要求）
2,respect,尊重
2,respond,回應
2,responsible,負責任的
2,restroom,廁所
2,result,結果
2,return,返回
2,review,審查
2,riches,財富
2,rocky,岩石的
2,role,角色
2,roof,屋頂
2,rooster,公雞
2,royal,皇家的
2,rub,擦
2,rubber,橡皮
2,rude,粗魯的
2,runner,跑者
2,safety,安全
2,sail,帆
2,sailor,水手
2,salesperson/salesman/saleswoman,推銷員/推銷員/女推銷員
2,salty,鹹
2,sample,樣本
2,sand,沙
2,sandwich,三明治
2,satisfy,滿足
2,saw,鋸
2,scare,嚇
2,scared,害怕的
2,scene,場景
2,schedule,行程
2,scooter,小型摩托車
2,score,分數
2,screen,螢幕
2,seafood,海鮮
2,search,搜尋
2,secondary,中學
2,secret,秘密
2,section,部分
2,seek,尋找
2,seem,似乎
2,seesaw,蹺蹺板
2,seldom,很少
2,select,選擇
2,selection,選擇
2,self,自己
2,selfish,自私
2,sense,感覺
2,sensitive,敏感的
2,separate,分離
2,servant,僕人
2,serve,服務
2,settle(ment),沉降）
2,sex,性別
2,shame,恥辱
2,shark,鯊魚
2,sheet,床單
2,shelf,架子
2,shell,殼
2,shine,閃耀
2,shock,震驚
2,shoot,射擊
2,shopkeeper,店主
2,shore,支撐
2,shot,射擊
2,shut,關閉
2,shy,害羞的
2,sidewalk,人行道
2,silence,沉默
2,silent,沉默的
2,silly,愚蠢的
2,silver,銀
2,similar,相似的
2,simply,簡單地
2,single,單身的
2,skill,技能
2,skilled,熟練
2,skin,皮膚
2,sleepy,睏
2,slide,滑動
2,slip,滑
2,slipper(s),拖鞋）
2,smooth,光滑的
2,snack,小吃
2,snail,蝸牛
2,snowy,下雪的
2,soap,肥皂
2,soccer,足球
2,social,社會的
2,society,社會
2,sock(s),襪子）
2,soda,蘇打
2,soft,柔軟的
2,soil,土壤
2,solution,解決方案
2,solve,解決
2,somewhat,有些
2,sort,種類
2,soul,靈魂
2,sour,酸的
2,source,來源
2,southern,南部
2,soybean,大豆
2,speaker,揚聲器
2,speech,演講
2,speed,速度
2,spelling,拼字
2,spider,蜘蛛
2,spirit,精神
2,spoon,湯匙
2,sport,運動
2,spot,點
2,spread,傳播
2,stage,階段
2,stamp,郵票
2,standard,標準
2,state(ment),陳述）
2,steak,牛排
2,steel,鋼
2,step,步
2,stick,戳
2,stomachache,腹痛
2,stone,結石
2,storm,風暴
2,stranger,陌生人
2,strawberry,草莓
2,stream,溪流
2,stress,壓力
2,stretch,拉緊
2,strict,嚴格的
2,strike,罷工
2,struggle,鬥爭
2,style,風格
2,subway/underground/metro,地鐵/地鐵/地鐵
2,succeed,成功
2,success,成功
2,such,這樣的
2,sudden,突然的
2,suggest,建議
2,suit,套裝
2,suitable,合適的
2,super,極佳的
2,supper,晚餐
2,supply,供應
2,support,支援
2,suppose,認為
2,surf,衝浪
2,surface,表面
2,survival,生存
2,survive,存活
2,swallow,吞
2,sweater,毛衣
2,sweep,掃
2,swim,游泳
2,swimsuit,泳裝
2,swing,搖擺
2,switch,轉變
2,symbol,象徵
2,system,系統
2,tale,故事
2,target,目標
2,task,任務
2,tax,稅
2,teapot,茶壺
2,tear,撕
2,technology,科技
2,teens,青少年
2,temperature,溫度
2,term,學期
2,terrorism,恐怖主義
2,terrorist,恐怖分子
2,text,文字
2,textbook,教科書
2,therefore,所以
2,thief,賊
2,thirsty,渴
2,thought,想法
2,throughout,自始至終
2,thunder,雷
2,thus,因此
2,till,直到
2,tiny,微小的
2,tire,胎
2,tissue,組織
2,title,標題
2,toast,吐司
2,tofu,豆腐
2,tone,語氣
2,tongue,舌頭
2,toothache,牙痛
2,toothbrush,牙刷
2,tour,旅遊
2,toward/towards,朝向/朝向
2,track,追蹤
2,trade,貿易
2,tradition,傳統
2,traditional,傳統的
2,trap,陷阱
2,trash,垃圾
2,travel,旅行
2,treasure,寶藏
2,trial,審判
2,triangle,三角形
2,trick,詭計
2,true,真的
2,trust,相信
2,truth,真相
2,tube,管子
2,turtle,龜
2,typhoon,颱風
2,typical,典型的
2,ugly,醜陋的
2,umbrella,傘
2,unit,單元
2,universe,宇宙
2,university,大學
2,unless,除非
2,upload,上傳
2,upon,之上
2,upper,上
2,upset,沮喪的
2,upstairs,樓上
2,used,用過的
2,user,使用者
2,usual,通常
2,vacation,假期
2,valley,谷
2,valuable,有價值的
2,value,價值
2,victory,勝利
2,view,看法
2,village,村莊
2,vote,投票
2,waist,腰部
2,waiter/waitress,服務生/女服務員
2,wallet,錢包
2,war,戰爭
2,wash,洗
2,waste,浪費
2,watermelon,西瓜
2,wealth,財富
2,wedding,婚禮
2,weekday,工作日
2,weigh,稱重
2,weight,重量
2,western,西
2,whale,鯨
2,whatever,任何
2,wheel,車輪
2,whenever,每當
2,wherever,無論在哪裡
2,whisper,耳語
2,whoever,誰
2,whole,所有的
2,whom,誰
2,width,寬度
2,wild,荒野
2,willing,願意的
2,windy,有風的
2,wine,葡萄酒
2,wing,翼
2,wire,金屬絲
2,within,之內
2,wolf,狼
2,wonder,想知道
2,wood(s),木材
2,wooden,木製的
2,wool,羊毛
2,workbook,作業簿
2,worm,蠕蟲
2,worse,更糟
2,worst,最糟糕的
2,worth,值得
2,wound,傷口
2,yam,薯
2,youth,青年
2,zebra,斑馬
3,aboard,船上
3,acceptable,可以接受
3,accurate,準確的
3,ache,疼痛
3,achieve(ment),成就）
3,additional adj. admire,額外的形容詞欽佩
3,advanced,先進的
3,advantage,優勢
3,adventure,冒險
3,advertise(ment)/ad,廣告（廣告）/廣告
3,advise,建議
3,adviser/advisor,顧問/顧問
3,afford,買得起
3,afterward/afterwards,之後/之後
3,agriculture,農業
3,airline,航空
3,alley,胡同
3,almond,杏仁
3,alphabet,字母
3,amaze(ment),驚愕）
3,ambassador,大使
3,ambition,志向
3,ambulance,救護車
3,angel,天使
3,announce(ment),公告）
3,anxious,焦慮的
3,anyhow,無論如何
3,apart,分開
3,apologize,道歉
3,appeal,上訴
3,approve,核准
3,apron,圍裙
3,armed,武裝的
3,arrest,逮捕
3,ash,灰
3,aside,放在一邊
3,assist,協助
3,assistant,助理
3,assume,認為
3,athlete,運動員
3,attitude,態度
3,attract,吸引
3,attractive,吸引人的
3,audience,觀眾
3,automatic,自動的
3,automobile/auto,汽車/汽車
3,avenue,大街
3,awake,醒
3,awaken,喚醒
3,award,獎
3,aware,意識到的
3,awful,可怕
3,awkward,尷尬的
3,background,背景
3,bacon,培根
3,bacteria,細菌
3,badly,嚴重地
3,baggage,行李
3,bait,餌
3,bamboo,竹子
3,bang,砰
3,banker,銀行家
3,bare,裸
3,barely,僅僅
3,barn,穀倉
3,barrel,桶
3,basement,地下室
3,bay,灣
3,bead,珠
3,beam,光束
3,beast,獸
3,beetle,甲蟲
3,beneath,下面
3,benefit,益處
3,berry,莓果
3,besides,除了
3,bet,賭注
3,bind,綁定
3,bitter,苦的
3,bleed,流血
3,bless,保佑
3,bloody,血腥
3,blouse,女式襯衫
3,bold,大膽的
3,bomb,炸彈
3,bookcase,書櫃
3,boot,啟動
3,bore,鑽孔
3,bowling,保齡球
3,brake,煞車
3,brass,黃銅
3,bravery,勇敢
3,breast,胸部
3,breath,氣息
3,breathe,呼吸
3,breeze,微風
3,brick,磚
3,bride,新娘
3,broadcast,pod送
3,brunch,早午餐
3,bubble,氣泡
3,bucket,桶
3,bud,芽
3,budget,預算
3,buffalo,水牛
3,buffet,自助餐
3,bulb,電燈泡
3,bull,公牛
3,bullet,子彈
3,bump,撞
3,bunch,束
3,bundle,捆
3,bury,埋葬
3,bush,襯套
3,buzz,嗡嗡聲
3,cabin,艙
3,cable,電纜
3,cafeteria,自助餐廳
3,campus,校園
3,canyon,峽谷
3,capable,有能力的
3,captain,隊長
3,capture,捕獲
3,career,職業
3,carpenter,木匠
3,carpet,地毯
3,carriage,運輸
3,cart,大車
3,cast,投擲
3,casual,隨意的
3,cattle,牛
3,cave,洞穴
3,champion,冠軍
3,charm,魅力
3,chat,聊天
3,cheek,臉頰
3,cheerful,快樂
3,cherry,櫻桃
3,chest,胸部
3,chill,寒意
3,chilly,寒冷
3,chimney,煙囪
3,chin,下巴
3,chip,晶片
3,chop,劈
3,cigarette,捲菸
3,cinema,電影
3,circus,馬戲團
3,citizen,國民
3,civil,民事的
3,clay,黏土
3,cleaner,清潔工
3,client,客戶
3,clinic,診所
3,clip,夾子
3,closet,衣櫥
3,clothe,衣服
3,clown,小丑
3,clue,線索
3,coach,教練
3,cock,公雞
3,cocktail,雞尾酒
3,coconut,椰子
3,collar,衣領
3,collection,收藏
3,colony,殖民地
3,colorful,豐富多彩的
3,column,柱子
3,comfort,舒適
3,comma,逗號
3,committee,委員會
3,communicate,交流
3,comparison,比較
3,compete,競爭
3,complain,抱怨
3,complaint,抱怨
3,concert,音樂會
3,conclusion,結論
3,cone,錐體
3,confirm,確認
3,confuse,迷惑
3,connect,連接
3,conscious,有意識的
3,considerable,大量
3,constant,持續的
3,continent,大陸
3,controller,控制器
3,cooker,炊具
3,costly,昂貴
3,cotton,棉布
3,cough,咳嗽
3,countable,可數的
3,county,縣
3,crab,螃蟹
3,cradle,搖籃
3,crane,起重機
3,crash,碰撞
3,crawl,爬行
3,creative,有創造力的
3,creator,創造者
3,creature,生物
3,credit,信用
3,crew,全體人員
3,cricket,蟋蟀
3,criminal,刑事
3,crispy,脆的
3,crop,莊稼
3,crown,王冠
3,cruel,殘忍的
3,cupboard,櫥櫃
3,dairy,乳製品
3,dam,壩
3,dare,敢
3,darling,親愛的
3,dash,短跑
3,database,資料庫
3,dawn,黎明
3,dealer,經銷商
3,decade,十年
3,deck,甲板
3,decorate,裝飾
3,decrease,減少
3,deed,契據
3,deepen,深化
3,definition,定義
3,democracy,民主
3,democratic,民主的
3,deposit,訂金
3,designer,設計師
3,desirable,理想的
3,desire,慾望
3,dessert,甜點
3,destroy,破壞
3,detect,探測
3,determine,決定
3,devil,魔鬼
3,dim,暗淡
3,dime,一毛錢
3,dine,吃飯
3,dinosaur,恐龍
3,dip,沾
3,dirt,污垢
3,discount,折扣
3,dishonest,不誠實
3,disk/disc,磁碟/磁碟
3,dislike,不喜歡
3,ditch,溝
3,dive,潛水
3,dizzy,暈眩的
3,dock,碼頭
3,dolphin,海豚
3,donkey,驢
3,dose,劑量
3,doubtful,疑
3,doughnut,油炸圈餅
3,downtown,市中心
3,drag,拖
3,dragonfly,蜻蜓
3,drain,流走
3,dramatic,戲劇性
3,drip,滴
3,drown,淹死
3,drugstore,藥局
3,drunk,醉
3,dumb,啞的
3,dump,傾倒
3,dumpling,餃子
3,dust,灰塵
3,eager,渴望的
3,echo,迴音
3,edit,編輯
3,editor,編輯
3,educate,教育
3,educational,教育性的
3,efficient,高效率的
3,elbow,彎頭
3,elderly,老年
3,elect,選
3,election,選舉
3,electricity,電
3,electronic,電子的
3,element,元素
3,elevator,電梯
3,emergency,緊急狀況
3,emotional,情緒化的
3,emperor,皇帝
3,enable,使能夠
3,energetic,精力充沛
3,engage(ment),訂婚）
3,enjoyable,令人愉快的
3,entry,入口
3,envy,嫉妒
3,erase,擦除
3,excellence,卓越
3,exchange,交換
3,exhibition,展覽
3,expectation,期待
3,experiment,實驗
3,explode,霹靂
3,explore,探索
3,export,出口
3,expressive,富有表現力的
3,extreme,極端
3,fade,褪色
3,faint,頭暈的
3,fairly,相當
3,fairy,仙女
3,faith,信仰
3,fake,偽造的
3,familiar,熟悉的
3,fancy,想要
3,fare,票價
3,farther,更遠
3,fashionable,時髦
3,faucet,龍頭
3,fearful,可怕
3,feather,羽毛
3,fence,柵欄
3,fighter,戰鬥機
3,firework,焰火
3,fist,拳頭
3,flame,火焰
3,flash,閃光
3,flashlight,手電筒
3,flavor,味道
3,flesh,肉
3,float,漂浮
3,flock,群
3,flood,洪水
3,flour,麵粉
3,flute,長笛
3,foggy,有霧的
3,fold,折疊
3,follower,追隨者
3,fond,喜歡
3,forever,永遠
3,fortune,財富
3,fountain,噴泉
3,frank,坦白
3,freeze,凍結
3,freezer,冰箱
3,frequent,經常的
3,fright,驚嚇
3,frighten,嚇唬
3,fuel,燃料
3,fund,基金
3,fur,皮草
3,gallon,加侖
3,gamble,賭博
3,gang,幫派
3,gap,差距
3,garage,車庫
3,gasoline/gas,汽油/天然氣
3,geography,地理
3,gesture,手勢
3,glance,一眼
3,global,全球的
3,glory,榮耀
3,glow,輝光
3,golf,高爾夫球
3,gossip,閒話
3,governor,州長
3,grab,抓住
3,graduate,畢業
3,grasp,抓牢
3,grasshopper,蚱蜢
3,grassy,長滿青草的
3,greedy,貪婪的
3,greenhouse,溫室
3,grin,咧嘴笑
3,grocery,雜貨店
3,guidance,指導
3,gum,膠
3,hairdresser,理髮師
3,hallway,門廳
3,hammer,槌
3,handful,少數
3,handkerchief,手帕
3,handy,便利
3,hanger,衣架
3,harbor,港口
3,harm,傷害
3,harmful,有害
3,harvest,收成
3,hasty,倉促的
3,hatch,孵化
3,hateful,可惡
3,hay,乾草
3,headline,標題
3,headquarters,總部
3,heal,癒合
3,heap,堆疊
3,heater,加熱器
3,heel,腳跟
3,hell,地獄
3,helmet,頭盔
3,hesitate,猶豫
3,hint,暗示
3,hire,聘請
3,historian,歷史學家
3,historic,歷史性
3,holder,持有者
3,hollow,空洞的
3,holy,聖
3,homesick,想家
3,hometown,家鄉
3,honesty,誠實
3,honor,榮譽
3,hopeful,充滿希望的
3,horn,喇叭
3,horrible,可怕
3,horror,恐怖
3,hourly,每小時
3,housekeeper,管家
3,hug,擁抱
3,hum,哼
3,humid,濕
3,humor,幽默
3,humorous,幽默
3,hunger,飢餓
3,hut,小屋
3,icy,冰冷的
3,imagination,想像力
3,immediate,即時
3,import,進口
3,impress,留下深刻印象
3,indoor,室內的
3,indoors,室內
3,industrial,工業的
3,inferior,下
3,inform,通知
3,information,資訊
3,injury,受傷
3,inn,客棧
3,inner,內
3,innocent,清白的
3,inspect,檢查
3,inspector,檢驗員
3,intelligent,聰明的
3,interrupt,打斷
3,invent,發明
3,inventor,發明者
3,investigate,調查
3,invitation,邀請函
3,ivory,象牙
3,jail,監獄
3,jar,罐
3,jaw,顎
3,jazz,爵士樂
3,jealous,嫉妒的
3,jeep,吉普車
3,jelly,果凍
3,jet,噴射
3,jewel,寶石
3,jewelry,珠寶
3,journey,旅行
3,joyful,快樂
3,juicy,多汁的
3,jungle,叢林
3,junior,初級
3,junk,垃圾
3,kangaroo,袋鼠
3,keyboard,鍵盤
3,kidney,腎
3,kilometer,公里
3,kindergarten,幼稚園
3,kingdom,王國
3,kit,成套工具
3,knight,騎士
3,knit,針織
3,knot,結
3,koala,無尾熊
3,label,標籤
3,lace,蕾絲
3,ladder,梯子
3,lately,最近
3,laughter,笑聲
3,laundry,洗衣店
3,lawn,草地
3,leak,洩漏
3,leap,飛躍
3,learning,學習
3,leather,皮革
3,leisure,閒暇
3,lemonade,檸檬水
3,leopard,豹
3,lettuce,萵苣
3,liberty,自由
3,lick,舔
3,lifetime,壽命
3,lighthouse,燈塔
3,lightning,閃電
3,lily,百合
3,limb,肢體
3,litter,垃圾
3,lively,熱鬧
3,loaf,麵包
3,lobby,大堂
3,locate,定位
3,location,地點
3,lock,鎖
3,log,紀錄
3,lollipop,棒糖
3,loose,鬆動的
3,lord,主
3,loser,失敗者
3,lover,情人
3,luggage,行李
3,lung,肺
3,magical,神奇
3,magician,魔術師
3,magnet,磁鐵
3,maid,女傭
3,majority,多數
3,mall,購物中心
3,mankind/humankind,人類/人類
3,marble,大理石
3,march,行進
3,marker,標記
3,marvelous,奇妙
3,mathematical,數學的
3,mayor,市長
3,meadow,草地
3,meaningful,有意義的
3,meanwhile,同時
3,medal,勳章
3,medium/media,媒體/媒體
3,melon,瓜
3,melt,融化
3,mend,修補
3,mental,精神的
3,merry,快樂的
3,mess,混亂
3,microphone/mike,麥克風/麥克風
3,microwave,微波
3,mighty,強大的
3,minus,減
3,miracle,奇蹟
3,misery,苦難
3,missile,飛彈
3,missing,遺失的
3,mission,使命
3,mist,薄霧
3,mob,暴民
3,mobile,移動的
3,moist,潮濕
3,moisture,水分
3,monk,僧侶
3,monster,怪物
3,monthly,每月
3,moral,道德
3,mosquito,蚊子
3,mostly,大多
3,motel,汽車旅館
3,moth,蛾
3,motor,引擎
3,multiply,乘
3,murder,謀殺
3,muscle,肌肉
3,mushroom,菇
3,mystery,神秘
3,naked,裸
3,nap,打盹
3,napkin,餐巾
3,native,本國的
3,navy,海軍
3,neat,整潔的
3,necessity,必要性
3,necktie,領帶
3,neighborhood,鄰裡
3,nest,巢
3,nickname,暱稱
3,normal,普通的
3,novelist,小說家
3,nun,尼姑
3,oak,橡木
3,observe,觀察
3,occasion,場合
3,odd,奇怪的
3,omit,忽略
3,ongoing,正在進行的
3,onion,洋蔥
3,onto,到
3,operation,手術
3,opportunity,機會
3,opposite,對面的
3,optimistic,樂觀的
3,oral,口服
3,organic,有機的
3,organize,組織
3,original,原來的
3,outdoor,戶外的
3,outdoors,戶外
3,outer,外
3,outline,大綱
3,oven,烤箱
3,overseas,海外
3,owe,欠
3,owl,貓頭鷹
3,ownership,所有權
3,ox,牛
3,pad,軟墊
3,painter,畫家
3,pal,朋友
3,palace,宮殿
3,palm,棕櫚
3,pancake,餅子
3,panic,恐慌
3,parade,遊行
3,paradise,天堂
3,parcel,包裹
3,parrot,鸚鵡
3,passage,頻道
3,passenger,乘客
3,passion,熱情
3,passport,護照
3,pat,拍
3,patience,耐心
3,pause,暫停
3,pave(ment),路面）
3,pea,豌豆
3,peanut,花生
3,pearl,珍珠
3,peel,果皮
3,penguin,企鵝
3,penny,一分錢
3,pepper,胡椒
3,perform,執行
3,performance,表現
3,permission,允許
3,permit,允許
3,persuade,說服
3,photographer,攝影師
3,pigeon,鴿子
3,pile,樁
3,pill,丸
3,pilot,飛行員
3,pine,松樹
3,pineapple,鳳梨
3,pint,品脫
3,pit,坑
3,pitch,瀝青
3,pity,遺憾
3,plastic,塑膠
3,playful,俏皮的
3,plenty,足夠
3,plug,插頭
3,pole,極
3,political,政治的
3,politician,政治家
3,politics,政治
3,poll,輪詢
3,pollute,污染
3,pollution,污染
3,porcelain,瓷
3,portion,部分
3,portrait,肖像
3,poster,海報
3,postpone(ment),推遲（延期）
3,pottery,陶器
3,pour,倒
3,poverty,貧窮
3,powder,粉末
3,practical,實際的
3,precious,寶貴的
3,preparation,準備
3,presence,在場
3,pretend,假裝
3,prevent,防止
3,previous,以前的
3,probable,可能
3,process,過程
3,producer,製片人
3,product,產品
3,professor,教授
3,profit,利潤
3,promote,推動
3,pronounce,發音
3,proof,證明
3,property,財產
3,protection,保護
3,pub,酒吧
3,pump,泵浦
3,punch,沖床
3,puppet,木偶
3,pure,純的
3,purse,錢包
3,queer,酷兒
3,quit,辭職
3,quote,引用
3,racial,種族
3,rag,抹布
3,rank,秩
3,rate,速度
3,raw,生的
3,ray,射線
3,razor,刮鬍刀
3,react,反應
3,reaction,反應
3,reasonable,合理的
3,receipt,收據
3,receiver,接收者
3,recognize,認出
3,recorder,錄音機
3,rectangle,長方形
3,reduce,減少
3,regional,區域性的
3,regret,後悔
3,relax,放鬆
3,release,發布
3,reliable,可靠的
3,relief,寬慰
3,religious,宗教的
3,rely,依靠
3,remain,保持
3,remind,提醒
3,remote,偏僻的
3,replace(ment),替代品）
3,represent,代表
3,representative,代表
3,republic,共和國
3,request,要求
3,reserve,預訂
3,resist,抵抗
3,resource,資源
3,response,回覆
3,responsibility,責任
3,restrict,限制
3,reveal,揭示
3,ribbon,絲帶
3,rid,擺脫
3,ripe,成熟
3,risk,風險
3,roar,吼
3,roast,烤
3,rob,搶
3,robbery,搶劫
3,robe,長袍
3,rocket,火箭
3,romantic,浪漫的
3,rot,腐爛
3,rotten,爛
3,rough,粗糙的
3,roughly,大致
3,routine,常規
3,rug,小地毯
3,rumor,謠言
3,rush,匆忙
3,rust,鏽
3,sack,解僱
3,sake,清酒
3,salary,薪水
3,satisfactory,滿意的
3,sauce,醬
3,saucer,碟子
3,sausage,香腸
3,saving(s),節省
3,scale(s),秤）
3,scarce,稀缺
3,scarf,圍巾
3,scary,可怕的
3,scatter,分散
3,scholar,學者
3,scholarship,獎學金
3,scientific,科學的
3,scientist,科學家
3,scissors,剪刀
3,scout,偵察
3,scream,尖叫
3,screw,擰緊
3,scrub,擦洗
3,seal,海豹
3,security,安全
3,semester,學期
3,senior,進階的
3,sensible,明智的
3,separation,分離
3,sexual,性的
3,sexy,性感的
3,shadow,陰影
3,shallow,淺的
3,shampoo,洗髮精
3,shepherd,牧羊人
3,shiny,閃亮的
3,shorten,縮短
3,shortly,不久
3,shovel,鏟
3,shrimp,蝦
3,shrink,收縮
3,sigh,嘆
3,signal,訊號
3,significant,重要的
3,silk,絲綢
3,similarity,相似
3,sin,罪
3,sincere,真誠
3,sink,下沉
3,sip,啜飲
3,situation,情況
3,skate,滑冰
3,ski,滑雪
3,skillful,熟練
3,skinny,瘦骨嶙峋的
3,skip,跳過
3,slave,奴隸
3,sleeve,袖子
3,slender,細長的
3,slice,片
3,slippery,滑
3,slope,坡
3,snap,折斷
3,solid,堅硬的
3,someday,有一天
3,somehow,不知何故
3,sometime,某個時候
3,sorrow,悲哀
3,spaghetti,義大利細麵條
3,specific,具體的
3,spice,香料
3,spill,灑
3,spin,旋轉
3,spinach,菠菜
3,spit,吐
3,spite,惡意
3,splash,濺
3,spoil,破壞
3,spray,噴
3,spy,間諜
3,squeeze,擠
3,squirrel,松鼠
3,stable,穩定的
3,stadium,體育場
3,staff,職員
3,stale,陳舊
3,stare,盯
3,starve,餓死
3,statue,雕像
3,steady,穩定的
3,steal,偷
3,steam,蒸氣
3,steep,陡
3,sticky,黏
3,stiff,僵硬的
3,sting,螫
3,stir,攪拌
3,stitch,縫
3,stomach,胃
3,stool,凳子
3,stormy,暴風雨的
3,stove,火爐
3,strategy,策略
3,straw,稻草
3,strength,力量
3,strip,條
3,structure,結構
3,stubborn,固執的
3,studio,工作室
3,stuff,東西
3,substance,物質
3,subtract,減去
3,suburb,市郊
3,suck,吸
3,suffer,遭受
3,sufficient,充足的
3,suicide,自殺
3,sum,和
3,summary,概括
3,summit,首腦
3,superior,優越的
3,surround,環繞
3,survey,民調
3,survivor,倖存者
3,suspect,懷疑
3,suspicion,懷疑
3,swan,天鵝
3,swear,發誓
3,sweat,汗
3,swell,膨脹
3,swift,迅速
3,sword,劍
3,tablet,藥片
3,tag,標籤
3,tailor,裁縫
3,talent,天賦
3,talkative,健談的
3,tame,馴服
3,tangerine,柑橘
3,tank,坦克
3,tap,輕敲
3,tasty,可口
3,tease,逗
3,technical,技術的
3,technique,科技
3,teenage,十幾歲的
3,temper,脾氣
3,temporary,暫時的
3,tend,趨向
3,tender,標
3,tent,帳篷
3,terrific,了不起
3,territory,領土
3,thankful,感恩的
3,theory,理論
3,thirst,口渴
3,thread,線
3,threat,威脅
3,threaten,威脅
3,thumb,大拇指
3,tide,潮
3,tight,緊的
3,tighten,收緊
3,timber,木材
3,tobacco,菸草
3,ton,噸
3,toss,折騰
3,tough,艱難的
3,tourism,旅遊
3,tourist,遊客
3,tow,拖
3,tower,塔
3,trace,痕跡
3,trader,商
3,trail,蹤跡
3,transport,運輸
3,traveler,遊客
3,tray,托盤
3,trend,趨勢
3,tribe,部落
3,tricky,棘手的
3,troop,部隊
3,tropical,熱帶
3,trumpet,喇叭
3,trunk,樹幹
3,truthful,真實
3,tub,浴缸
3,tug,拖船
3,tune,調
3,tunnel,隧道
3,tutor,導師
3,twin,雙
3,twist,捻
3,underlying,潛在的
3,underwear,內衣
3,union,聯盟
3,unique,獨特的
3,unite,團結
3,unity,統一
3,urban,城市的
3,vacant,空缺
3,van,貨車
3,vanish,消失
3,variety,種類
3,various,各種各樣的
3,vary,各不相同
3,vase,花瓶
3,vehicle,車輛
3,verse,詩
3,vest,背心
3,victim,受害者
3,violence,暴力
3,violent,暴力
3,violet,紫色
3,visible,可見的
3,vision,想像
3,vitamin,維他命
3,vivid,生動
3,vocabulary,詞彙
3,volleyball,排球
3,volume,體積
3,voter,選民
3,wage(s),薪資
3,wagon,車皮
3,wander,漫步
3,warmth,溫暖
3,warn,警告
3,waterfall,瀑布
3,wax,蠟
3,weaken,削弱
3,wealthy,富裕
3,weapon,武器
3,weave,編織
3,web,網路
3,wed,結婚
3,weed,雜草
3,weekly,每週
3,weep,哭泣
3,wheat,小麥
3,whip,鞭
3,whistle,哨
3,wicked,邪惡
3,widen,擴大
3,wipe,擦拭
3,wisdom,智慧
3,wrap,裹
3,wrist,手腕
3,yearly,每年
3,yell,叫喊
3,yolk,蛋黃
3,youngster,青少年
3,zipper,拉鍊
3,zone,區
4,abandon,放棄
4,absolute,絕對
4,absorb,吸收
4,abstract,抽象的
4,academic,學術的
4,accent,口音
4,acceptance,驗收
4,access,使用權
4,accidental,偶然
4,accompany,陪伴
4,accomplish(ment),成就）
4,accountant,會計
4,accuracy,準確性
4,accuse,控
4,acid,酸
4,acquaintance,熟人
4,acquire,獲得
4,adapt,適應
4,addict,癮君子
4,adequate,足夠的
4,adjust(ment),調整）
4,admirable,令人欽佩的
4,admiration,欽佩
4,admission,入場
4,adopt,採納
4,agency,機構
4,agent,代理人
4,aggressive,挑釁的
4,agreeable,令人愉快的
4,alcohol,酒精
4,alert,警報
4,allowance,津貼
4,alternative,選擇
4,amateur,業餘
4,ambiguous,模糊的
4,ambitious,雄心勃勃的
4,amuse(ment),娛樂）
4,analysis,分析
4,analyze,分析
4,ancestor,祖先
4,anniversary,週年紀念日
4,annoy,惹惱
4,annual,年度的
4,anxiety,焦慮
4,apology,道歉
4,apparent,明顯的
4,applicant,申請人
4,application,應用
4,appoint(ment),預約）
4,appreciation,欣賞
4,appropriate,合適的
4,approval,贊同
4,aquarium,水族館
4,arch,拱
4,arise,出現
4,arms,武器
4,artificial,人造的
4,artistic,藝術的
4,ashamed,羞愧
4,aspect,方面
4,aspirin,阿斯匹林
4,assemble,集合
4,assembly,集會
4,assign(ment),任務）
4,assistance,協助
4,associate,聯繫
4,association,協會
4,assurance,保證
4,assure,保證
4,athletic,運動的
4,atmosphere,氣氛
4,atom,原子
4,atomic,原子
4,attach(ment),依戀）
4,attraction,景點
4,audio,聲音的
4,authentic,真正的
4,authority,權威
4,autobiography,自傳
4,autograph,簽名
4,await,等待
4,baid,拜德
4,ballet,芭蕾舞
4,bandage,繃帶
4,bankrupt,破產
4,bargain,便宜貨
4,barrier,障礙
4,basin,盆地
4,battery,電池
4,beggar,乞丐
4,behavior,行為
4,bin,垃圾桶
4,biography,傳
4,biology,生物學
4,blade,刀刃
4,blend,混合
4,blessing,祝福
4,blink,眨
4,bloom,盛開
4,blossom,開花
4,boast,誇
4,bond,紐帶
4,bounce,彈跳
4,bracelet,手鐲
4,breed,品種
4,bridegroom/groom,新郎/新郎
4,broke,壞了
4,broom,掃帚
4,brutal,野蠻
4,bulletin,公告
4,burglar,竊賊
4,cabinet,內閣
4,calculate,計算
4,calculation,計算
4,calorie,卡路里
4,campaign,活動
4,candidate,候選人
4,cane,甘蔗
4,canoe,獨木舟
4,capacity,容量
4,capital(ism),資本（主義）
4,capitalist,資本家
4,cargo,貨物
4,carrier,載體
4,carve,雕刻
4,catalogue,目錄
4,category,類別
4,cease,停止
4,celebration,慶典
4,chamber,室
4,championship,錦標賽
4,characteristic,特徵
4,charity,慈善事業
4,chemistry,化學
4,cherish,珍惜
4,chew,嚼
4,choke,嗆
4,chorus,合唱
4,circular,圓
4,circulate,流通
4,circulation,循環
4,circumstance,環境
4,civilian,平民
4,civilization,文明
4,clarify,闡明
4,clash,衝突
4,classification,分類
4,classify,分類
4,claw,爪
4,cliff,懸崖
4,clumsy,笨拙
4,coarse,粗
4,code,程式碼
4,collapse,坍塌
4,colleague,同事
4,combination,組合
4,comedy,喜劇
4,commander,指揮官
4,comment,評論
4,commerce,商業
4,commit,犯罪
4,communication,溝通
4,community,社群
4,companion,伴侶
4,competition,競賽
4,competitive,競爭的
4,competitor,競爭者
4,complicate,使複雜化
4,compose,撰寫
4,composer,作曲家
4,composition,作品
4,concentrate,集中
4,concentration,專注
4,concept,概念
4,concerning,有關
4,concrete,具體的
4,conductor,導體
4,conference,會議
4,confess,承認
4,confidence,信心
4,confusion,錯亂
4,congratulate,恭喜
4,congress,國會
4,conquer,征服
4,conscience,良心
4,consequence,結果
4,consequent,結果
4,conservative,保守的
4,consist,組成
4,consistent,持續的
4,constitute,構成
4,constitution,憲法
4,construct,構造
4,construction,建造
4,constructive,建設性的
4,consult,諮詢
4,consultant,顧問
4,consume,消耗
4,consumer,消費者
4,container,容器
4,content,內容
4,content(ment),滿意）
4,contest,競賽
4,context,情境
4,continual,連續的
4,continuous,連續的
4,contrary,相反
4,contrast,對比
4,contribute,貢獻
4,contribution,貢獻
4,convenience,方便
4,convention,習俗
4,conventional,傳統的
4,converse,交談
4,convey,傳達
4,convince,說服
4,cooperate,合作
4,cooperation,合作
4,cooperative,合作社
4,cope,應付
4,copper,銅
4,cord,繩索
4,correspond,對應
4,costume,戲服
4,cottage,小屋
4,council,理事會
4,counter,櫃檯
4,courageous,勇敢
4,courtesy,禮貌
4,coward,懦夫
4,crack,裂縫
4,craft,工藝
4,creation,創建
4,creativity,創造力
4,creep,蠕動
4,critic,評論家
4,critical,批判的
4,criticism,批評
4,criticize,批評
4,cruelty,殘酷
4,crunchy,脆脆的
4,crush,壓碎
4,cube,立方體
4,cue,提示
4,cunning,狡猾
4,curiosity,好奇心
4,curl,捲曲
4,curse,詛咒
4,curve,曲線
4,cushion,軟墊
4,damp,潮濕
4,deadline,最後期限
4,declare,宣告
4,decoration,裝飾
4,defeat,擊敗
4,defend,保衛
4,defense,防禦
4,defensible,可以防禦的
4,defensive,防禦性的
4,definite,定
4,delicate,精美的
4,delight,喜
4,delightful,愉快
4,demand,要求
4,demonstrate,證明
4,demonstration,示範
4,dense,稠密
4,depart,離開
4,departure,離開
4,dependent,依賴的
4,depression,沮喪
4,deserve,應得
4,desperate,絕望的
4,despite,儘管
4,destruction,破壞
4,detective,偵探
4,determination,決心
4,device,裝置
4,devise,設計
4,devote,奉獻
4,dew,露
4,diagram,圖表
4,differ,不同
4,digest,消化
4,digital,數位的
4,dignity,尊嚴
4,diligence,勤勉
4,diligent,勤奮
4,diploma,文憑
4,diplomat,外交官
4,disability,殘障
4,disadvantage,劣勢
4,disappoint(ment),失望（心）
4,disaster,災難
4,discipline,紀律
4,discourage(ment),勸阻（勸阻）
4,disguise,偽裝
4,disgust,厭惡
4,dismiss,解僱
4,disorder,紊亂
4,dispute,爭議
4,distinct,清楚的
4,distinguish,區分
4,distinguished,傑出的
4,distribute,散佈
4,distribution,分配
4,district,區
4,disturb,打擾
4,diverse,各種各樣的
4,diversity,多樣性
4,divine,神聖的
4,divorce,離婚
4,dodge,閃避
4,dominant,主導的
4,dominate,支配
4,draft,草稿
4,dread,恐懼
4,drift,漂移
4,drill,鑽頭
4,drowsy,昏昏欲睡
4,durable,耐用的
4,dusty,塵土飛揚的
4,dye,染料
4,dynamic,動態的
4,dynasty,王朝
4,earnest,認真
4,earphone,耳機
4,economic,經濟的
4,economical,經濟
4,economics,經濟學
4,economist,經濟學家
4,economy,經濟
4,efficiency,效率
4,elastic,鬆緊帶
4,electronics,電子產品
4,elegant,優雅的
4,elementary,初級
4,eliminate,排除
4,elsewhere,別處
4,embarrass(ment),尷尬（心）
4,embassy,大使館
4,emerge,出現
4,emphasis,強調
4,empire,帝國
4,enclose,括
4,encounter,遇到
4,endanger,危害
4,endure,忍受
4,enforce(ment),執行（執行）
4,engineering,工程
4,enlarge(ment),放大）
4,enormous,巨大的
4,ensure,確保
4,entertain(ment),娛樂）
4,enthusiasm,熱情
4,equality,平等
4,equip(ment),裝置)
4,era,時代
4,essential,基本的
4,establish(ment),設立（設立）
4,estimate,估計
4,ethnic,種族的
4,evaluate,評價
4,evaluation,評估
4,eventual,最終的
4,evidence,證據
4,evident,明顯
4,exaggerate,誇大
4,exception,例外
4,exhaust,排氣
4,exhibit,展覽
4,expand,擴張
4,expansion,擴張
4,experimental,實驗性的
4,explanation,解釋
4,explosion,霹靂
4,explosive,霹靂
4,expose,暴露
4,exposure,曝露
4,extend,延長
4,extent,程度
4,facial,臉部的
4,facility,設施
4,faithful,忠實
4,fame,名聲
4,fantastic,極佳的
4,fantasy,幻想
4,farewell,告別
4,fasten,系
4,fatal,致命的
4,favorable,有利
4,fax,傳真
4,feast,盛宴
4,feedback,回饋
4,ferry,渡輪
4,fertile,沃
4,fetch,拿來
4,fiction,小說
4,fierce,兇猛的
4,finance,金融
4,financial,金融的
4,fireplace,壁爐
4,flatter,奉承
4,flea,跳蚤
4,flee,逃跑
4,flexible,靈活的
4,fluent,流暢
4,flush,沖水
4,foam,泡棉
4,forbid,禁止
4,forecast,預報
4,formation,形成
4,formula,公式
4,fort,堡
4,fortunate,幸運
4,fossil,化石
4,foundation,基礎
4,founder,創辦人
4,fragile,脆弱的
4,frame,框架
4,frequency,頻率
4,freshman,新生
4,frost,霜
4,frown,皺眉
4,frustrate,阻撓
4,frustration,挫折
4,fulfill(ment),履行）
4,functional,功能性的
4,fundamental,基本的
4,funeral,葬禮
4,furious,狂怒
4,furnish,提供
4,furthermore,另外
4,gallery,畫廊
4,gaze,目光
4,gear,齒輪
4,gender,性別
4,gene,基因
4,generation,世代
4,generosity,慷慨
4,genius,天才
4,genuine,真的
4,germ,胚芽
4,gifted,天才
4,gigantic,巨大
4,giggle,傻笑
4,ginger,薑
4,glimpse,一瞥
4,globe,地球
4,glorious,輝煌
4,goods,商品
4,gown,袍
4,grace,優雅
4,graceful,優美
4,gracious,親切
4,graduation,畢業
4,grammar,文法
4,grammatical,語法的
4,graph,圖形
4,grateful,感激的
4,gratitude,感激
4,grave,嚴重
4,greasy,膩
4,greeting(s),問候）
4,grief,悲傷
4,grind,研磨
4,guarantee,保證
4,guardian,監護人
4,guilt,有罪
4,guilty,有罪的
4,gulf,海灣
4,habitual,習慣性的
4,halt,停止
4,handwriting,手寫
4,hardship,困難
4,hardware,硬體
4,harmony,和諧
4,harsh,殘酷的
4,haste,匆忙
4,hasten,趨
4,hatred,仇恨
4,hawk,鷹
4,helicopter,直升機
4,herd,一群
4,hesitation,猶豫
4,hive,蜂巢
4,homeland,家園
4,honeymoon,蜜月
4,hook,鉤
4,horizon,地平線
4,horrify,驚嚇
4,hose,軟管
4,household,家庭
4,housework,家務
4,humanity,人類
4,humidity,濕度
4,hurricane,颶風
4,hush,噓
4,hydrogen,氫
4,identical,完全相同的
4,identification,鑑別
4,identify,確認
4,idiom,成語
4,idle,閒置的
4,idol,偶像
4,ignorance,無知
4,ignorant,無知
4,illustrate,闡明
4,illustration,插圖
4,imaginary,假想
4,imaginative,富有想像力的
4,imitate,模擬
4,imitation,模仿
4,immigrant,移民
4,immigrate,移民
4,immigration,移民
4,impact,影響
4,imply,意味著
4,impose,強加
4,impression,印象
4,incident,事件
4,including,包括
4,incredible,極佳的
4,indication,指示
4,infant,嬰兒
4,infection,感染
4,inflation,通貨膨脹
4,influential,有影響
4,informative,資訊豐富的
4,ingredient,成分
4,initial,最初的
4,injure,損傷
4,innocence,純真
4,input,輸入
4,insert,插入
4,inspection,檢查
4,inspiration,靈感
4,inspire,啟發
4,install,安裝
4,instinct,本能
4,instruct,指示
4,instructor,講師
4,insult,侮辱
4,insurance,保險
4,intellectual,知識分子
4,intelligence,智力
4,intend,打算
4,intense,激烈的
4,intensity,強度
4,intensive,密集的
4,intention,意圖
4,interact,相互影響
4,interaction,交互作用
4,interfere,幹擾
4,intermediate,中間的
4,interpret,解釋
4,interruption,中斷
4,intimate,親密的
4,intuition,直覺
4,invade,入侵
4,invasion,入侵
4,invention,發明
4,invest(ment),投資）
4,investigation,調查
4,involve(ment),參與（參與）
4,isolate,隔離
4,isolation,隔離
4,issue,問題
4,jealousy,妒忌
4,keen,敏銳的
4,kettle,壺
4,kneel,下跪
4,knob,旋鈕
4,labor,勞動
4,laboratory/lab,實驗室/實驗室
4,lag,落後
4,landmark,地標
4,landscape,景觀
4,largely,很大程度上
4,launch,發射
4,lawful,合法的
4,lean,傾斜
4,learned,學到了
4,lecture,演講
4,lecturer,講師
4,legend,傳奇
4,leisurely,悠閒
4,lengthen,加長
4,liar,說謊者
4,librarian,圖書館員
4,license,執照
4,lifeguard,救生員
4,limitation,限制
4,linen,亞麻布
4,lipstick,口紅
4,liquor,酒
4,literary,文學的
4,literature,文學
4,loan,貸款
4,lobster,龍蝦
4,logic,邏輯
4,logical,邏輯的
4,loosen,鬆開
4,lousy,糟糕的
4,loyal,忠誠
4,loyalty,忠誠
4,luxurious,豪華
4,luxury,奢華
4,machinery,機械
4,magnetic,磁的
4,magnificent,壯麗
4,makeup,化妝品
4,manual,手動的
4,manufacture,生產
4,manufacturer,製造商
4,marathon,馬拉松
4,margin,利潤
4,maturity,到期
4,maximum,最大限度
4,measurable,可測量的
4,measure(s),措施
4,mechanic,機械
4,mechanical,機械的
4,memorable,難忘
4,memorial,紀念館
4,memorize,記住
4,merchant,商人
4,mercy,憐憫
4,mere,僅僅
4,merit,優點
4,messenger,信差
4,messy,凌亂的
4,microscope,顯微鏡
4,mild,輕微
4,mill,磨
4,millionaire,百萬富翁
4,miner,礦工
4,mineral,礦物
4,minimum,最低限度
4,minister,部長
4,ministry,部
4,mischief,惡作劇
4,miserable,悲慘的
4,misfortune,不幸
4,mislead,誤導
4,misunderstand,誤解
4,moderate,緩和
4,modest,謙虛的
4,modesty,謙遜
4,monitor,監視器
4,monument,紀念碑
4,moreover,而且
4,motivate,激勵
4,motivation,動機
4,mountainous,多山
4,muddy,渾
4,mule,騾子
4,multiple,多種的
4,murderer,兇手
4,murmur,雜音
4,mutual,相互的
4,mysterious,神秘
4,namely,即
4,nationality,國籍
4,needy,有需要的
4,neglect,忽視
4,negotiate,談判
4,nevertheless,儘管如此
4,nightmare,惡夢
4,noble,高貴
4,nonsense,廢話
4,nowadays,如今
4,nuclear,核
4,numerous,很多的
4,nursery,苗圃
4,nutritious,有營養的
4,obedience,服從
4,obedient,聽話
4,objection,異議
4,objective,客觀的
4,observation,觀察
4,obstacle,障礙
4,obtain,獲得
4,occasional,偶然
4,occupation,職業
4,occupy,佔據
4,offend,得罪
4,offense,罪行
4,offensive,進攻
4,opera,歌劇
4,oppose,反對
4,option,選項
4,orbit,軌道
4,orchestra,樂團
4,orientation,方向
4,orphan,孤兒
4,otherwise,否則
4,outcome,結果
4,outstanding,傑出的
4,oval,橢圓形
4,overcoat,大衣
4,overcome,克服
4,overlook,俯瞰
4,overnight,過夜
4,overthrow,推翻
4,oxygen,氧
4,pace,步伐
4,panel,控制板
4,parachute,降落傘
4,paragraph,段落
4,partial,部分的
4,participation,參與
4,partnership,合夥
4,passive,被動的
4,pasta,義大利麵
4,paw,爪子
4,peculiar,奇特
4,peep,窺視
4,peer,同行
4,penalty,懲罰
4,percent,百分比
4,percentage,百分比
4,perfection,完美
4,perfume,香水
4,permanent,永恆的
4,persuasion,勸說
4,persuasive,有說服力的
4,pessimistic,悲觀
4,pest,害蟲
4,phenomenon,現象
4,philosopher,哲學家
4,philosophical,哲學的
4,philosophy,哲學
4,photography,攝影
4,physical,身體的
4,physician,醫生
4,physicist,物理學家
4,physics,物理
4,pickle,泡菜
4,pioneer,先鋒
4,plentiful,豐富
4,plot,陰謀
4,plum,李子
4,plumber,水管工
4,poisonous,有毒
4,polish,拋光
4,popularity,人氣
4,portable,便攜的
4,portray,寫真
4,possess,具有
4,possession,擁有
4,postage,郵資
4,potential,潛在的
4,precise,精確的
4,predict,預測
4,prediction,預言
4,pregnancy,懷孕
4,pregnant,懷孕
4,presentation,推介會
4,preservation,儲存
4,preserve,儲存
4,prevention,預防
4,prime,主要的
4,primitive,原始
4,priority,優先事項
4,privacy,隱私
4,privilege,特權
4,procedure,程式
4,proceed,繼續
4,productive,富有成效的
4,profession,職業
4,professional,專業的
4,profitable,有利可圖
4,prominent,著名的
4,promising,有前途的
4,promotion,晉升
4,prompt,迅速的
4,pronunciation,發音
4,proposal,提議
4,prosper,繁榮
4,prosperity,繁榮
4,prosperous,繁榮
4,protein,蛋白質
4,protest,反對
4,psychological,心理
4,psychologist,心理學家
4,psychology,心理學
4,publication,出版品
4,publicity,宣傳
4,publish,發布
4,publisher,出版商
4,pursue,追求
4,pursuit,追求
4,quarrel,爭吵
4,quilt,被子
4,quotation,引述
4,radar,雷達
4,rage,憤怒
4,rainfall,雨量
4,raisin,葡萄乾
4,realistic,實際的
4,rebel,反叛
4,recall,記起
4,reception,接待
4,recipe,食譜
4,recognition,認出
4,recovery,恢復
4,recreation,娛樂
4,recycle,回收
4,reduction,減少
4,refer,參考
4,reference,參考
4,reflect,反映
4,reflection,反射
4,reform,改革
4,refugee,難民
4,refund,退款
4,refusal,拒絕
4,regarding,關於
4,register,登記
4,registration,登記
4,regulate,調節
4,regulation,規定
4,rejection,拒絕
4,relaxation,鬆弛
4,relevant,相關的
4,relieve,緩解
4,reluctant,不情願的
4,remark,評論
4,remarkable,卓越
4,remedy,補救
4,renew,更新
4,repetition,重複
4,representation,表示
4,reputation,名聲
4,rescue,救援
4,research,研究
4,researcher,研究員
4,resemble,類似
4,reservation,預訂
4,resign,辭職
4,resignation,辭職
4,resistance,反抗
4,resolution,解決
4,resolve,解決
4,respectable,可敬
4,respectful,恭敬的
4,restore,恢復
4,restriction,限制
4,retain,保持
4,retire(ment),退休）
4,retreat,撤退
4,reunion,團圓
4,revenge,復仇
4,revise,修訂
4,revision,修訂
4,revolution,革命
4,revolutionary,革命性的
4,reward,報酬
4,rhyme,韻
4,rhythm,韻律
4,riddle,謎語
4,robber,強盜
4,romance,浪漫
4,route,路線
4,ruin,廢墟
4,rural,鄉村的
4,rusty,生鏽的
4,sacrifice,犧牲
4,satellite,衛星
4,satisfaction,滿意
4,scarcely,幾乎不
4,scenery,風景
4,scold,罵
4,scoop,舀
4,scratch,刮痕
4,sculpture,雕塑
4,secure,安全的
4,seize,搶佔
4,settler,定居者
4,severe,劇烈
4,sew,縫
4,shade,陰影
4,shady,陰涼
4,shameful,可恥
4,shave,刮鬍子
4,shelter,庇護所
4,shift,轉移
4,sightseeing,觀光
4,signature,簽名
4,significance,意義
4,sincerity,誠意
4,singular,單數
4,site,地點
4,sketch,草圖
4,skyscraper,摩天大樓
4,slight,輕微
4,slogan,口號
4,socket,插座
4,software,軟體
4,solar,太陽的
4,spade,鏟
4,spare,空閒的
4,spark,火花
4,spear,矛
4,species,種
4,spiritual,精神
4,splendid,燦爛
4,split,分裂
4,sprinkle,撒
4,stab,刺
4,statistic(s),統計數據）
4,status,地位
4,stem,幹
4,stereo,立體聲
4,stingy,小氣
4,stocking(s),長襪
4,strengthen,加強
4,stripe,條紋
4,strive,努力
4,stroke,中風
4,submarine,潛水艇
4,sue,起訴
4,suggestion,建議
4,summarize,總結
4,surgeon,外科醫生
4,surgery,手術
4,surrender,投降
4,surroundings,周圍環境
4,suspicious,可疑的
4,sway,搖擺
4,syllable,音節
4,sympathetic,富有同情心的
4,sympathy,同情
4,systematic,系統的
4,technician,技術員
4,technological,技術性的
4,telegraph,電報
4,telescope,望遠鏡
4,tendency,趨勢
4,tense,緊張
4,tension,緊張
4,terror,恐怖
4,theme,主題
4,thorough,徹底
4,thoughtful,周到
4,tickle,癢癢
4,timetable,時間表
4,timid,膽小
4,tolerable,可以忍受的
4,tolerance,寬容
4,tolerant,寬容
4,tolerate,容忍
4,tomb,墓
4,tortoise,龜
4,torture,酷刑
4,tragedy,悲劇
4,tragic,悲慘
4,transfer,轉移
4,transform,轉換
4,translate,翻譯
4,translation,翻譯
4,translator,翻譯者
4,transportation,運輸
4,tremble,顫抖
4,tremendous,巨大的
4,tribal,部落的
4,triumph,勝利
4,troublesome,麻煩的
4,tumble,翻滾
4,twig,枝條
4,universal,普遍的
4,urge,敦促
4,urgent,緊迫的
4,usage,用法
4,vacancy,空缺
4,vain,徒勞的
4,vast,廣闊的
4,vegetarian,素食主義者
4,vessel,血管
4,violate,違反
4,violation,違反
4,virtue,美德
4,virus,病毒
4,visual,視覺的
4,vital,必不可少的
4,voluntary,自願
4,volunteer,志工
4,voyage,航程
4,waken,喚醒
4,website,網站
4,welfare,福利
4,wink,眨眼
4,wit,機智
4,witch/wizard,女巫/巫師
4,withdraw,提取
4,witness,證人
4,workout,鍛鍊
4,workplace,工作場所
4,wreck,破壞
4,yawn,打哈欠
4,youthful,青春的
5,abnormal,異常
5,abolish,取消
5,abortion,流產
5,abrupt,突然的
5,absurd,荒誕
5,abundant,豐富
5,abuse,虐待
5,accelerate,加速
5,accessible,無障礙
5,accommodate,容納
5,accommodation,住宿
5,accord,符合
5,accounting,會計
5,acknowledge(ment),確認（承認）
5,acquaint,結識
5,acquisition,獲得
5,activist,活動家
5,acute,急性
5,administration,行政
5,administrative,行政
5,administrator,行政人員
5,adolescent,青少年
5,adore,崇拜
5,adverse,不利的
5,advocate,提倡
5,affection,感情
5,agenda,議程
5,aggression,侵略
5,agony,痛苦
5,agricultural,農業
5,aisle,走道
5,alcoholic,酗酒的
5,alien,外星人
5,allergic,過敏的
5,allergy,過敏
5,alliance,聯盟
5,allocate,分配
5,ally,盟友
5,alongside,旁邊
5,alter,改變
5,alternate,備用
5,amend,修正
5,ample,充足
5,analyst,分析師
5,anonymous,匿名的
5,anticipate,預料
5,antique,古董
5,applause,掌聲
5,appliance,器皿
5,apt,易於
5,architect,建築師
5,architecture,建築學
5,arena,競技場
5,arouse,引起
5,array,大批
5,arrogant,傲慢的
5,articulate,表達清楚
5,ass,屁股
5,assault,突擊
5,assert,斷言
5,assess(ment),評估）
5,asset,資產
5,assumption,假設
5,astonish(ment),驚訝（心）
5,athletics,競技
5,attendance,出席率
5,attic,閣樓
5,attorney,律師
5,attribute,屬性
5,auction,拍賣
5,authorize,授權
5,autonomy,自治
5,awe,敬畏
5,backyard,後院
5,ballot,選票
5,ban,禁止
5,banner,橫幅
5,barren,荒蕪
5,batch,批次
5,behalf,代表
5,belongings,財物
5,beloved,心愛
5,beneficial,有利
5,betray,背叛
5,beware,提防
5,bias,偏見
5,bid,出價
5,biological,生物
5,bizarre,奇異的
5,blast,霹靂
5,blur,模糊
5,blush,臉紅
5,bodyguard,保鑣
5,bolt,螺栓
5,bonus,獎金
5,boom,繁榮
5,boost,促進
5,booth,攤位
5,boredom,無聊
5,bound,邊界
5,boundary,邊界
5,boxer,拳擊手
5,breakthrough,突破
5,briefcase,公事包
5,bronze,青銅
5,browse,瀏覽
5,bruise,挫傷
5,bulk,大部分
5,bully,霸凌
5,bureau,局
5,bureaucracy,官僚
5,burial,葬禮
5,butcher,屠夫
5,calcium,鈣
5,canal,運河
5,canvas,帆布
5,capability,能力
5,carbon,碳
5,carnival,狂歡
5,casino,賭場
5,cathedral,大教堂
5,caution,警告
5,cautious,謹慎
5,celebrity,名人
5,cemetery,公墓
5,ceremony,儀式
5,certainty,肯定
5,certificate,證書
5,chaos,混亂
5,chapel,教堂
5,characterize,表徵
5,chef,廚師
5,choir,詩班
5,chord,弦
5,chore,雜務
5,chronic,慢性的
5,chubby,胖乎乎的
5,chunk,區塊
5,circuit,電路
5,cite,引用
5,citizenship,國籍
5,civic,公民的
5,clarity,明晰
5,clause,條款
5,cling,緊貼
5,clinical,臨床
5,cluster,簇
5,cocaine,古柯鹼
5,coffin,棺材
5,cognitive,認知的
5,coherent,相干
5,coincidence,巧合
5,collaboration,合作
5,collective,集體
5,collector,集電極
5,colonial,殖民
5,columnist n. combat,專欄作家戰鬥
5,comedian,喜劇演員
5,commentary,評論
5,commentator,評論員
5,commission,委員會
5,commitment,承諾
5,commodity,商品
5,communism,共產主義
5,communist,共產
5,commute,通勤
5,commuter,通勤者
5,compact,袖珍的
5,comparable,可比
5,compassion,同情
5,compassionate,富有同情心的
5,compatible,相容的
5,compel,迫使
5,compensate,補償
5,compensation,賠償
5,competence,權限
5,competent,勝任的
5,complexity,複雜
5,compliance,遵守
5,complication,併發症
5,compliment,讚揚
5,comply,遵守
5,component,成分
5,compound,化合物
5,comprehend,理解
5,comprehension,理解
5,comprise,包括
5,compromise,妥協
5,compulsory,強制性的
5,conceal,隱藏
5,concede,承認
5,conceive,構想
5,conception,概念
5,condemn,譴責
5,conduct,執行
5,confession,懺悔
5,confidential,機密的
5,confine,局限
5,conform,符合
5,confront,面對
5,confrontation,對抗
5,consecutive,連續的
5,consensus,共識
5,consent,同意
5,conservation,保護
5,considerate,周到
5,constitutional,憲政的
5,constraint,約束
5,consultation,諮詢
5,consumption,消耗
5,contagious,接觸傳染性
5,contaminate,污染
5,contemplate,沉思
5,contemporary,當代的
5,contempt,鄙視
5,contend,抗衡
5,continental,歐陸式
5,contractor,承包商
5,contradiction,矛盾
5,controversial,有爭議的
5,controversy,爭議
5,conversion,轉換
5,convert,轉變
5,convict,定罪
5,conviction,定罪
5,coordinate,協調
5,copyright,版權
5,core,核
5,corporate,公司的
5,corporation,公司
5,correlation,相關性
5,correspondent,記者
5,corridor,走廊
5,corrupt,腐敗
5,corruption,腐敗
5,counsel,法律顧問
5,counselor,顧問
5,courteous,有禮貌
5,coverage,覆蓋範圍
5,credibility,可信度
5,creek,溪
5,cripple,削弱
5,criterion/criteria,標準/標準
5,crucial,至關重要的
5,crude,原油
5,cruise,巡航
5,crystal,水晶
5,cuisine,美食
5,currency,貨幣
5,curriculum,課程
5,custody,保管
5,customs,海關
5,deadly,致命
5,debris,碎片
5,debut,首次亮相
5,decay,衰變
5,deceive,欺騙
5,decent,體面的
5,declaration,宣言
5,decline,衰退
5,dedicate,奉獻
5,defendant,被告
5,deficit,赤字
5,defy,違抗
5,delegate,代表
5,delegation,代表團
5,deliberate,商榷
5,democrat,民主黨
5,denial,拒絕
5,density,密度
5,depict,描繪
5,deploy,部署
5,depress,壓抑
5,deputy,副
5,derive,衍生
5,descend,下降
5,descriptive,描述性的
5,despair,絕望
5,destination,目的地
5,destiny,命運
5,destructive,破壞性的
5,devotion,奉獻精神
5,diagnose,診斷
5,diagnosis,診斷
5,dialect,方言
5,diameter,直徑
5,diaper,尿布
5,digestion,消化
5,dilemma,困境
5,dimension,方面
5,diminish,減少
5,diplomatic,外交
5,directory,目錄
5,disapprove,不贊成
5,disclose,透露
5,disconnect,斷開
5,discourse,話語
5,discriminate,辨析
5,discrimination,歧視
5,disrupt,擾亂
5,dissolve,溶解
5,distinction,差別
5,distinctive,獨特的
5,distract,轉移
5,doctrine,教義
5,document,文件
5,documentary,記錄
5,domain,領域
5,dome,圓頂
5,donate,捐
5,donation,捐款
5,donor,捐款者
5,doorway,門口
5,dough,麵團
5,dreadful,可怕
5,driveway,車道
5,drought,乾旱
5,ecological,生態的
5,ecology,生態
5,ecosystem,生態系統
5,ego,自我
5,elaborate,精心製作的
5,eligible,有資格的
5,eloquent,雄辯
5,embrace,擁抱
5,emission,排放
5,endorse(ment),代言）
5,enterprise,企業
5,enthusiastic,熱情的
5,entitle,賦予
5,entity,實體
5,entrepreneur,企業家
5,envious,羨慕
5,envision,設想
5,epidemic,流行性
5,episode,插曲
5,equation,方程式
5,equity,公平
5,equivalent,相等的
5,erect,直立
5,errand,差事
5,erupt,爆發
5,escalator,電扶梯
5,essence,本質
5,estate,財產
5,eternal,永恆
5,ethic(s),倫理）
5,ethical,道德的
5,evolution,演化
5,evolve,發展
5,exaggeration,誇張
5,exceed,超過
5,exceptional,異常的
5,excessive,過多的
5,exclaim,驚呼
5,exclude,排除
5,exclusive,獨家的
5,execute,執行
5,execution,執行
5,executive,管理人員
5,exile,流亡
5,exotic,異國情調
5,expedition,遠徵
5,expertise,專業知識
5,explicit,明確的
5,exploit,開發
5,exploration,勘探
5,extension,擴大
5,extensive,廣泛的
5,exterior,外部的
5,external,外部的
5,extinct,滅絕的
5,extraordinary,非凡的
5,fabric,織物
5,fabulous,神話般的
5,facilitate,促進
5,faculty,學院
5,fascinate,吸引
5,fatigue,疲勞
5,federal,聯邦
5,fiber,纖維
5,filter,篩選
5,fiscal,財
5,fleet,艦隊
5,flexibility,靈活性
5,flip,翻動
5,fluency,流暢度
5,fluid,液體
5,forge,鍛造
5,format,格式
5,forum,論壇
5,foster,促進
5,foul,犯規
5,fraction,分數
5,fragment,分段
5,framework,框架
5,franchise,特許經營權
5,fraud,詐欺罪
5,freight,貨運
5,frontier,邊境
5,galaxy,星系
5,gasp,喘氣
5,gathering,採集
5,generate,產生
5,generator,發電機
5,genetic,遺傳的
5,genetics,遺傳學
5,genre,類型
5,glare,強光
5,gloomy,陰沉
5,gorgeous,華麗的
5,grant,授予
5,graphic,形象的
5,gravity,重力
5,greed,貪婪
5,grieve,悲傷
5,grill,炙烤
5,grim,嚴峻
5,grip,緊握
5,gross,總的
5,guideline,指引
5,gut,腸道
5,habitat,棲息地
5,haul,運輸
5,hazard,冒險
5,heir,繼承人
5,hence,因此
5,herb,草本植物
5,heritage,遺產
5,highlight,強調
5,hockey,曲棍球
5,honorable,光榮的
5,horizontal,水平的
5,hormone,荷爾蒙
5,hostage,人質
5,hostile,敵對的
5,hostility,敵意
5,housing,住房
5,howl,嗥
5,hypothesis,假設
5,icon,圖示
5,ideology,思想
5,idiot,笨蛋
5,illusion,錯覺
5,immense,巨大
5,immune,免疫
5,implement,實施
5,implication,意義
5,impulse,衝動
5,incentive,激勵
5,incorporate,包含
5,index,指數
5,indifferent,冷漠
5,indigenous,原住民
5,indispensable,不可或缺
5,indulge,放縱
5,inevitable,不可避免的
5,infect,感染
5,infinite,無限
5,infrastructure,基礎設施
5,inherent,固有
5,inherit,繼承
5,initiate,發起
5,initiative,倡議
5,inject,注入
5,injection,注射
5,inning,局
5,innovation,創新
5,innovative,創新的
5,inquiry,詢問
5,insane,瘋狂的
5,insight,洞察力
5,installation,安裝
5,institute,研究所
5,institution,機構
5,intact,完好無損的
5,integrate,整合
5,integration,一體化
5,integrity,正直
5,intensify,強化
5,intent,意圖
5,interference,干涉
5,interior,內部的
5,interpretation,解釋
5,interval,間隔
5,intervention,干涉
5,investigator,研究者
5,irony,諷刺
5,journalism,新聞學
5,journalist,記者
5,judicial,司法
5,jug,壺
5,jury,陪審團
5,justify,證明合法
5,juvenile,少年
5,kidnap,綁架
5,landlord,房東
5,laser,雷射
5,lawmaker,立法者
5,lawsuit,訴訟
5,layer,層
5,league,聯盟
5,legacy,遺產
5,legendary,傳奇的
5,legislation,立法
5,legislative,立法
5,legitimate,合法的
5,lest,免得
5,liability,責任
5,likelihood,可能性
5,likewise,同樣地
5,loop,環形
5,lounge,休息室
5,lump,區塊
5,mainstream,主流
5,maintenance,維護
5,mammal,哺乳動物
5,mandate,授權
5,manifest,顯現
5,manipulate,操縱
5,mansion,大廈
5,marine,海洋
5,masculine,男性
5,massage,按摩
5,massive,大量的
5,masterpiece,傑作
5,mattress,床墊
5,meantime,同時
5,mechanism,機制
5,medication,藥物
5,mentor,導師
5,merge,合併
5,metaphor,隱喻
5,metropolitan,大都會的
5,midst,中間
5,migration,遷移
5,milestone,里程碑
5,miniature,微型
5,minimal,最小的
5,minimize,最小化
5,mint,薄荷
5,missionary,傳道者
5,moan,呻吟
5,mock,嘲笑
5,mode,模式
5,modify,調整
5,molecule,分子
5,monopoly,壟斷
5,morality,道德
5,mortality,死亡
5,mortgage,抵押
5,motive,動機
5,mount,山
5,mumble,咕噥
5,municipal,市級
5,muscular,肌肉發達的
5,mustard,芥末
5,myth,神話
5,naive,幼稚的
5,narrative,敘述
5,nasty,可惡的
5,negotiation,談判
5,neutral,中性的
5,nominate,提名
5,nomination,提名
5,nominee,被提名人
5,nonprofit,非營利組織
5,norm,規範
5,noticeable,顯
5,notify,通知
5,notion,概念
5,nowhere,無所不在
5,nutrient,養分
5,nutrition,營養
5,obligation,義務
5,obscure,朦朧
5,observer,觀察者
5,odds,賠率
5,offering,奉獻
5,olive,橄欖
5,operational,操作
5,opponent,對手
5,opposition,反對
5,opt,選擇
5,optimism,樂觀
5,optional,選修的
5,orchard,果園
5,organism,生物
5,originality,獨創性
5,outfit,全套服裝
5,outlet,出路
5,output,輸出
5,outsider,局外人
5,overall,全面的
5,overhead,開賣
5,oversee,監督
5,overtake,超過
5,overturn,顛覆
5,overwhelm,壓倒
5,parallel,平行線
5,participant,參與者
5,particle,粒子
5,partly,部分地
5,passionate,熱情的
5,pastry,糕點
5,patch,修補
5,patent,專利
5,pathetic,可憐的
5,patrol,巡邏
5,patron,贊助人
5,peasant,農民
5,pedal,踏板
5,pedestrian,行人
5,penetrate,穿透
5,pension,退休金
5,perceive,感知
5,perception,洞察力
5,performer,演員
5,persist,堅持
5,personnel,人員
5,perspective,看法
5,pessimism,悲觀主義
5,petition,請願
5,petty,小氣
5,phase,階段
5,photographic,攝影的
5,pickup,撿起
5,pier,碼頭
5,pillar,支柱
5,pipeline,管道
5,pirate,海盜
5,pitcher,投手
5,placement,放置
5,plea,懇求
5,plead,懇求
5,pledge,保證
5,plunge,暴跌
5,plural,複數
5,poetic,詩意的
5,poke,戳
5,porch,門廊
5,portfolio,資料夾
5,practitioner,實踐者
5,precaution,預防
5,predator,掠食者
5,preference,偏愛
5,prejudice,偏見
5,preliminary,初步的
5,premature,過早的
5,premier,總理
5,premise,前提
5,premium,優質的
5,prescribe,規定
5,prescription,處方
5,presidency,總統職位
5,presidential,總統
5,presumably,想必
5,presume,怙
5,prevail,佔上風
5,prey,獵物
5,prior,事先的
5,proclaim,宣告
5,productivity,生產力
5,profile,輪廓
5,profound,深刻的
5,progressive,進步
5,prohibit,禁止
5,projection,投影
5,prolong,延長
5,prone,易於
5,propaganda,宣傳
5,prophet,先知
5,proportion,部分
5,prosecution,檢控
5,prospect,前景
5,province,省
5,provision,條款
5,provoke,惹
5,pulse,脈衝
5,purchase,購買
5,pyramid,金字塔
5,qualify,有資格
5,quest,尋求
5,questionnaire,問卷
5,quiver,顫動
5,quota,配額
5,racism,種族主義
5,rack,架子
5,radiation,輻射
5,radical,激進的
5,ragged,衣衫襤褸
5,raid,襲擊
5,rail,軌
5,rally,集會
5,ranch,牧場
5,random,隨機的
5,ratio,比率
5,rational,合理的
5,rattle,撥浪鼓
5,realism,現實主義
5,realm,領域
5,rear,後部
5,reassure,安撫
5,rebellion,叛亂
5,recession,經濟衰退
5,recipient,接受者
5,recite,背誦
5,recommend,推薦
5,recommendation,推薦
5,recruit,招募
5,refuge,避難所
5,regardless,不管
5,regime,政權
5,rehearsal,排演
5,reinforce,加強
5,reminder,提醒
5,removal,移動
5,render,使成為
5,rental,出租
5,repay,償還
5,republican,共和黨
5,resemblance,相似
5,reservoir,水庫
5,residence,住宅
5,resident,居民
5,residential,住宅
5,resort,採取
5,respondent,受訪者
5,resume,恢復
5,retail,零售
5,revenue,收入
5,reverse,反向
5,rhetoric,修辭
5,rib,肋骨
5,ridge,嶺
5,ridiculous,荒謬的
5,rifle,步槍
5,rigid,死板的
5,rim,輪緣
5,riot,暴動
5,rip,撕裂
5,risky,有風險的
5,ritual,儀式
5,rival,競爭對手
5,rod,桿
5,sacred,神聖
5,saddle,鞍
5,saint,聖
5,salmon,鮭魚
5,salon,沙龍
5,sandal,涼鞋
5,scan,掃描
5,scandal,醜聞
5,scar,瘢痕
5,scenario,設想
5,scent,香味
5,scheme,方案
5,scope,範圍
5,scramble,爭奪
5,scrap,廢棄物
5,script,腳本
5,sector,部門
5,segment,部分
5,seminar,研討會
5,senator,參議員
5,sensation,感覺
5,sensitivity,靈敏度
5,sensor,感應器
5,sentiment,情緒
5,sentimental,多愁善感的
5,sequence,順序
5,series,系列
5,server,伺服器
5,session,會議
5,setting,環境
5,shareholder,股東
5,shatter,粉碎
5,shed,棚
5,sheer,純粹的
5,sheriff,警長
5,shield,盾
5,shiver,顫抖
5,shortage,短缺
5,shove,推
5,shrug,聳肩
5,shuttle,穿梭
5,sibling,兄弟
5,siege,圍城
5,skeleton,骨骼
5,skull,顱骨
5,slam,滿貫
5,slap,拍擊
5,slavery,奴隸制
5,slot,投幣口
5,smash,粉碎
5,smog,煙霧
5,snatch,搶奪
5,sneak,潛行
5,sniff,聞
5,soak,浸泡
5,soar,翱翔
5,sob,哭泣
5,sober,清醒
5,soften,軟化
5,sole,唯一
5,solo,獨奏
5,sophisticated,複雜的
5,sophomore,大二學生
5,souvenir,紀念品
5,sovereignty,主權
5,sow,母豬
5,spacious,寬敞
5,sparkle,火花
5,specialist,專家
5,specialize,專精
5,specialty,專業
5,specify,指定
5,specimen,標本
5,spectacular,壯觀的
5,spectator,旁觀者
5,spectrum,光譜
5,speculate,推測
5,sphere,領域
5,spicy,辛辣的
5,spine,脊椎
5,sponge,海綿
5,sponsor,贊助
5,sponsorship,贊助
5,spouse,配偶
5,squad,隊
5,squash,壁球
5,squat,蹲
5,stability,穩定
5,stack,堆疊
5,stain,弄髒
5,stake,賭注
5,stall,攤位
5,stance,姿態
5,startle,驚嚇
5,statistical,統計
5,steer,駕駛
5,stereotype,刻板印象
5,stew,燉
5,stimulate,刺激
5,stimulus,刺激
5,stink,臭
5,stock,庫存
5,storage,貯存
5,straighten,拉直
5,straightforward,直截了當
5,strain,拉緊
5,strand,股
5,strap,帶子
5,strategic,策略
5,striking,引人注目
5,structural,結構性的
5,stumble,絆倒
5,sturdy,結實的
5,submit,提交
5,subsequent,隨後的
5,subsidy,補貼
5,substantial,重大的
5,substitute,代替
5,subtle,微妙的
5,suburban,郊區的
5,successor,接班人
5,suite,套房
5,superb,高超
5,superstition,迷信
5,supervise,監督
5,supervision,監督
5,supervisor,導師
5,supposedly,據推測
5,supreme,最高
5,surplus,剩餘
5,surveillance,監視
5,suspend,暫停
5,sustain,維持
5,sustainable,可持續的
5,swap,交換
5,symbolic,象徵性的
5,symptom,症狀
5,syndrome,綜合症
5,tackle,處理
5,tactic(s),策略）
5,tangle,爭議
5,tempt,誘惑
5,temptation,誘惑
5,terminal,終端
5,terrify,嚇壞
5,testify,作證
5,texture,質地
5,theft,竊盜
5,theology,神學
5,theoretical,理論的
5,therapist,治療師
5,therapy,治療
5,thereby,從而
5,thesis,論文
5,thigh,大腿
5,threshold,臨界點
5,thrill,刺激
5,thriller,驚悚片
5,thrive,蓬勃發展
5,throne,王座
5,thrust,推力
5,tick,打鉤
5,tile,瓦
5,tin,錫
5,toll,收費
5,torch,火炬
5,torment,折磨
5,tournament,比賽
5,toxic,有毒的
5,trait,特徵
5,traitor,叛徒
5,transaction,交易
5,transformation,轉型
5,transit,過境
5,transition,過渡
5,transmission,傳染
5,transparent,透明的
5,trauma,創傷
5,treaty,條約
5,tribute,貢
5,trigger,扳機
5,trim,修剪
5,triple,三倍
5,trivial,瑣碎的
5,trophy,杯
5,tuition,學費
5,tumor,瘤
5,tuna,鮪魚
5,ultimate,最終的
5,uncover,揭露
5,undergo,經歷
5,undergraduate,大學部
5,underline,強調
5,undermine,破壞
5,undertake,承擔
5,undo,撤銷
5,undoubtedly,無疑
5,unemployment,失業
5,unfold,展開
5,unlock,開鎖
5,unprecedented,空前的
5,update,更新
5,upgrade,升級
5,utility,公用事業
5,utilize,利用
5,vacuum,真空
5,vague,模糊的
5,valid,有效的
5,variable,多變的
5,variation,變化
5,vein,靜脈
5,vendor,小販
5,venture,創業
5,venue,場地
5,verbal,口頭
5,verdict,判決
5,version,版本
5,versus,相對
5,vertical,垂直的
5,veteran,老將
5,via,透過
5,viable,可行的
5,vicious,惡毒
5,viewer,觀眾
5,viewpoint,觀點
5,vinegar,醋
5,virtual,虛擬的
5,visa,簽證
5,vocal,聲樂
5,volcano,火山
5,vomit,嘔吐
5,voucher,代金券
5,vow,發誓
5,vulnerable,易受傷害的
5,warehouse,倉庫
5,warrior,戰士
5,wary,警惕的
5,weird,詭異的
5,whatsoever,任何
5,wheelchair,輪椅
5,whereabouts,下落
5,whereas,然而
5,whine,抱怨
5,widespread,廣泛
5,wig,假髮
5,wilderness,荒野
5,wildlife,野生動物
5,windshield,擋風玻璃
5,wither,枯萎
5,witty,機智
5,workshop,工作坊
5,worship,崇拜
5,worthwhile,值得的
5,worthy,值得
5,yacht,遊艇
5,yield,屈服
6,abbreviate,縮寫
6,abide,遵守
6,aboriginal,原住民
6,abound,盛產
6,abstraction,抽象
6,abundance,豐富
6,academy,學院
6,accessory,配件
6,acclaim,歡呼
6,accordance,符合
6,accordingly,因此
6,accountable,負責任的
6,accumulate,累積
6,accumulation,累積
6,accusation,指控
6,accustom,習慣
6,acne,粉刺
6,acre,英畝
6,adaptation,適應
6,addiction,癮
6,administer/administrate,管理/管理
6,admiral,上將
6,adolescence,青春期
6,advisory,諮詢
6,aesthetic,美學的
6,affectionate,親熱
6,affiliate,附屬機構
6,affirm,確認
6,airtight,密閉
6,airway,氣道
6,algebra,代數
6,alienate,離間
6,align,對齊
6,allege,聲稱
6,alligator,鱷魚
6,altitude,高度
6,aluminum,鋁
6,ambiguity,歧義
6,amid/amidst,之中/之中
6,amplify,放大
6,analogy,類比
6,analytical,分析性的
6,anchor,錨
6,animate,動畫化
6,annoyance,煩惱
6,anthem,國歌
6,antibiotic,抗生素
6,anticipation,預期
6,antonym,反義詞
6,applaud,掌聲
6,applicable,適用的
6,apprentice,學徒
6,approximate,近似
6,archaeology,考古學
6,archive,檔案
6,arithmetic,算術
6,ascend,上升
6,aspire,渴望
6,assassinate,暗殺
6,asthma,氣喘
6,astray,誤入歧途
6,astronaut,太空人
6,astronomer,天文學家
6,astronomy,天文學
6,attain(ment),素養）
6,attendant,服務生
6,audit,審計
6,auditorium,禮堂
6,avert,避免
6,aviation,航空
6,awesome,驚人的
6,awhile,一會兒
6,bachelor,學士
6,backbone,骨幹
6,badge,徽章
6,banquet,宴會
6,barbarian,野蠻人
6,bass,低音
6,batter,連擊
6,beautify,美化
6,beep,嘟
6,beforehand,預先
6,beverage,飲料
6,bilateral,雙邊
6,blaze,火焰
6,bleach,漂白
6,blond/blonde,金髮/金髮女郎
6,blot,印跡
6,blunt,鈍
6,bodily,身體上的
6,booklet,小冊子
6,bosom,懷
6,boulevard,大道
6,boxing,拳擊
6,boycott,聯合抵制
6,brace,支撐
6,brassiere/bra,胸罩/胸罩
6,breadth,寬度
6,breakdown,分解
6,breakup,拆散
6,bribe,賄賂
6,brink,邊緣
6,broaden,擴大
6,brochure,小冊子
6,broil,烤
6,brook,溪
6,broth,高湯
6,brotherhood,兄弟情誼
6,bulky,笨重
6,bureaucrat,官僚
6,bypass,旁路
6,caffeine,咖啡因
6,calculator,計算機
6,calligraphy,書法
6,cape,岬
6,capsule,膠囊
6,caption,標題
6,captive,俘虜
6,captivity,囚禁
6,cardboard,紙板
6,cardinal,樞機主教
6,carefree,暢快
6,caretaker,看門人
6,carton,紙盒
6,cashier,出納員
6,casualty,傷亡
6,catastrophe,災難
6,cater,迎合
6,caterpillar,毛蟲
6,cavity,空腔
6,celery,芹菜
6,cellular,細胞的
6,Celsius,攝氏度
6,cement,水泥
6,census,人口普查
6,ceramic,陶瓷製品
6,certify,證明
6,chairperson/chair/ chairman/ chairwoman,主席/主席/主席/主席
6,champagne,香檳酒
6,chant,唄
6,charitable,慈善
6,checkup,清理
6,chemist,化學家
6,chestnut,栗
6,chili,辣椒
6,chimpanzee,黑猩猩
6,chirp,嘰嘰喳喳
6,cholesterol,膽固醇
6,cigar,雪茄
6,civilize,教化
6,clam,蛤
6,clasp,釦子
6,clearance,清除
6,climax,高潮
6,clockwise,順時針
6,clone,複製
6,closure,關閉
6,coalition,聯盟
6,coastline,海岸線
6,collision,碰撞
6,colloquial,口語化的
6,comet,彗星
6,commonplace,平凡
6,commonwealth,聯邦
6,communicative,交際的
6,comparative,比較
6,compass,羅盤
6,compile,編譯
6,complement,補充
6,complexion,膚色
6,comprehensive,綜合的
6,compute,計算
6,computerize,電腦化
6,comrade,同志
6,concession,讓步
6,concise,簡潔的
6,condense,凝結
6,confederation,聯盟
6,congressman/ congresswoman,國會議員/國會女議員
6,conquest,征服
6,conscientious,盡責的
6,conserve,養護
6,consolation,安慰
6,console,安慰
6,consonant,輔音
6,conspiracy,陰謀
6,contention,爭論
6,contestant,選手
6,continuity,連續性
6,contradict,頂撞
6,convene,召開
6,coral,珊瑚
6,corpse,屍體
6,correspondence,一致
6,cosmetic,化妝品
6,cosmetics,化妝品
6,counterpart,對方
6,coupon,優惠券
6,courtyard,庭院
6,cowardly,膽小
6,cozy,舒適
6,crackdown,鎮壓
6,cracker,餅乾
6,cram,補習班
6,cramp,抽筋
6,crater,火山口
6,credible,可信的
6,crocodile,鱷魚
6,crossing,穿越
6,crutch,拐杖
6,cub,幼獸
6,cucumber,黃瓜
6,cultivate,培育
6,cumulative,累計
6,curb,抑制
6,curfew,宵禁
6,curry,咖哩
6,customary,習慣的
6,cynical,憤世嫉俗的
6,dazzle,炫
6,deafen,震耳欲聾
6,decisive,決定性
6,dedication,奉獻
6,deduct,扣除
6,deem,認為
6,default,預設
6,defect,缺點
6,defiance,蔑視
6,definitive,確定的
6,dental,牙科
6,deplete,
6,deprive,剝奪
6,descent,血統
6,despise,鄙視
6,destined,注定的
6,detach,分離
6,detain,扣留
6,detention,拘留
6,deter,阻止
6,detergent,洗滌劑
6,devour,吞食
6,diabetes,糖尿病
6,dictate,聽寫
6,dictation,聽寫
6,dictator,獨裁者
6,dictatorship,專政
6,diesel,柴油引擎
6,differentiate,區分
6,diplomacy,外交
6,directive,指示
6,disable,停用
6,disastrous,災難性的
6,disbelief,懷疑
6,discard,丟棄
6,discharge,釋放
6,disciple,弟子
6,disciplinary,紀律處分
6,disclosure,揭露
6,discomfort,不舒服
6,discreet,慎重
6,disgrace,恥辱
6,dismay,沮喪
6,dispensable,可有可無的
6,dispense,分配
6,disposable,一次性的
6,disposal,處理
6,dispose,處置
6,dissent,異議
6,distraction,分散注意力
6,distress,苦惱
6,disturbance,幹擾
6,diversify,多樣化
6,diversion,導流
6,divert,轉移
6,dividend,股利
6,doom,厄運
6,dormitory/dorm,宿舍/宿舍
6,downward,向下
6,downward/downwards,向下/向下
6,doze,瞌睡
6,drastic,激烈的
6,draught,草稿
6,dresser,梳妝台
6,dressing,敷料
6,dual,雙重的
6,dubious,可疑
6,duration,期間
6,dusk,黃昏
6,dwarf,矮人
6,dwell,住
6,dwelling,住宅
6,eccentric,偏心
6,eclipse,蝕
6,edible,食用
6,editorial,社論
6,electrician,電工
6,elevate,提升
6,emigrant,移民
6,emigrate,移民
6,emigration,移民
6,encyclopedia,百科全書
6,endeavor,努力
6,endowment,捐贈
6,endurance,耐力
6,enhance(ment),增強（增強）
6,enlighten(ment),啟示）
6,enrich(ment),豐富）
6,enroll(ment),註冊）
6,equalize,均衡
6,equate,等同
6,escort,護送
6,esteem,尊重
6,eternity,永恆
6,evacuate,撤離
6,evergreen,常綠
6,evoke,喚起
6,examinee,考生
6,examiner,考官
6,excel,卓越
6,excerpt,摘抄
6,excess,過量的
6,exclusion,排除
6,exempt,豁免
6,exert,發揮
6,expenditure,支出
6,expiration,過期
6,expire,到期
6,extract,提煉
6,extracurricular,課外
6,eyelash/lash,睫毛/睫毛
6,eyelid,眼皮
6,eyesight,視力
6,fable,寓言
6,faction,派
6,Fahrenheit,華氏度
6,falter,動搖
6,familiarity,熟悉度
6,fascination,魅力
6,feasible,可行的
6,feeble,微弱
6,feminine,女性化的
6,fertility,生育力
6,fertilizer,肥料
6,fianc./fiance,未婚夫/未婚夫
6,fin,鰭
6,finite,有限
6,firecracker,鞭炮
6,fireproof,防火
6,fishery,漁業
6,flake,薄片
6,flaw,缺陷
6,flourish,繁榮
6,flunk,不及格
6,foe,敵人
6,folklore,民俗學
6,formidable,強大
6,formulate,制定
6,forsake,背叛
6,forthcoming,即將推出
6,fortify,強化
6,fowl,雞
6,fracture,斷裂
6,fragrance,香味
6,fragrant,香
6,frantic,瘋狂的
6,freak,怪物
6,freeway,高速公路
6,friction,摩擦
6,fume,煙
6,fury,憤怒
6,fuse,保險絲
6,fuss,大驚小怪
6,gallop,馳騁
6,gangster,流氓
6,garment,服裝
6,gauge,測量
6,gay,同性戀
6,geographical,地理的
6,geometry,幾何學
6,glacier,冰河
6,glamorous,迷人的
6,glamour,魅力
6,gleam,微光
6,glide,滑行
6,glitter,閃光
6,gloom,愁雲
6,goalkeeper,守門員
6,goodwill,善意
6,gorilla,大猩猩
6,gospel,福音
6,grapefruit,柚子
6,graze,輕擦
6,grease,潤滑脂
6,groan,呻吟
6,growl,咆哮
6,grumble,嘰
6,hacker,駭客
6,hail,冰雹
6,hamper,阻礙
6,handicap,障礙
6,handicraft,手工業
6,harass(ment),騷擾（騷擾）
6,harden,硬化
6,harmonica,口琴
6,harness,馬具
6,haunt,出沒
6,headphone(s),耳機）
6,healthful,健康的
6,hearty,爽朗
6,hedge,對沖
6,heighten,增高
6,hemisphere,半球
6,heroic,英勇
6,heroin,海洛因
6,heterosexual,異性
6,hierarchy,等級制度
6,hijack,劫持
6,hoarse,沙啞
6,homosexual,同性戀者
6,honorary,名譽
6,hospitable,好客
6,hospitality,款待
6,hospitalize,住院
6,hostel,旅館
6,hover,徘徊
6,humiliate,羞辱
6,hunch,直覺
6,hurdle,欄
6,hybrid,雜交種
6,hygiene,衛生
6,hypocrite,偽君子
6,iceberg,冰山
6,illuminate,照亮
6,imminent,迫在眉睫的
6,imperative,至關重要的
6,imperial,帝國的
6,implicit,隱含的
6,imposing,雄偉的
6,imprison(ment),監禁（監禁）
6,incline,傾斜
6,inclusive,包容性
6,incur,招致
6,indifference,漠不關心
6,indignant,憤怒
6,induce,誘發
6,industrialize,工業化
6,infectious,傳染性的
6,infer,推論
6,inflict,造成
6,inhabit,棲息
6,inhabitant,居民
6,injustice,不公正
6,inland,內陸
6,innumerable,無數
6,inquire,查詢
6,insistence,堅持
6,instinctive,本能的
6,intake,攝取量
6,intellect,智力
6,interpreter,口譯員
6,intersection,路口
6,intervene,幹預
6,intimacy,親密感
6,intimidate,威嚇
6,intonation,語調
6,intrigue,陰謀
6,intrude,侵入
6,intruder,入侵者
6,invaluable,無價
6,invariably,總是
6,inventory,存貨
6,ironic,諷刺的
6,irritable,煩躁的
6,irritate,刺激
6,isle,小島
6,itch,癢
6,ivy,常春藤
6,jade,玉
6,janitor,看門人
6,jasmine,茉莉花
6,jingle,叮噹
6,jockey,騎師
6,jolly,快樂的
6,joyous,歡樂
6,junction,交界處
6,kin,親屬
6,kindle,點燃
6,knowledgeable,知識淵博的
6,lad,小伙子
6,landlady,房東
6,landslide,土石流
6,latitude,緯度
6,lavish,奢侈的
6,layman,外行人
6,layout,佈局
6,lease,租
6,legislator,立法者
6,lengthy,冗長
6,lesbian,女同性戀
6,lessen,減少
6,lethal,致命
6,liable,容易
6,liberate,解放
6,liberation,解放
6,lieutenant,中尉
6,lifelong,終身
6,lighten,減輕
6,limp,跛行
6,liner,襯墊
6,linger,縈繞
6,lining,牙髓保護層
6,liter,公升
6,literacy,識字能力
6,literal,文字
6,literate,識字的
6,livestock,家畜
6,lizard,蜥蜴
6,locker,置物櫃
6,lodge,小屋
6,lofty,崇高的
6,logo,標識
6,lonesome,寂寞
6,longevity,長壽
6,longitude,經度
6,lotion,洗劑
6,lottery,抽籤
6,lotus,蓮花
6,loudspeaker,喇叭
6,lucrative,有利可圖的
6,lullaby,催眠曲
6,lunar,農曆
6,lure,餌
6,lush,鬱鬱蔥蔥
6,madam/ma’am,女士/女士
6,magnify,放大
6,maiden,少女
6,mainland,大陸
6,majestic,雄偉
6,majesty,威嚴
6,manuscript,稿
6,maple,楓
6,mar,三月
6,marginal,邊緣
6,martial,武術
6,marvel,奇蹟
6,mastery,精通
6,mediate,調解
6,medieval,中世紀
6,meditate,幽思
6,meditation,冥想
6,melancholy,憂鬱的
6,mentality,心理
6,merchandise,商品
6,mermaid,美人魚
6,migrant,移民
6,mimic,模仿
6,mingle,交融
6,miraculous,神奇
6,miscellaneous,各種各樣的
6,mischievous,惡作劇
6,mistress,情婦
6,mobilize,動員
6,modernization,現代化
6,modernize,現代化
6,momentum,勢頭
6,monarch,君主
6,monetary,貨幣
6,monotony,單調
6,monstrous,滔天
6,moody,喜怒無常
6,morale,士氣
6,mortal,凡人
6,motherhood,母性
6,motto,座右銘
6,mound,塚
6,mourn,哀悼
6,mournful,悲哀
6,mow,刈
6,muse,沉思
6,mustache,鬍子
6,mute,沉默的
6,nag,嘮叨
6,narrate,敘事
6,narrator,敘述者
6,nationalism,民族主義
6,navigate,導航
6,navigation,導航
6,nearsighted,近視的
6,nickel,鎳
6,nostril,鼻孔
6,notable,值得注意的
6,notorious,臭名昭著
6,nourish(ment),營養）
6,novice,新手
6,nucleus,核
6,nude,裸體
6,nurture,培育
6,oasis,綠洲
6,oath,誓言
6,oatmeal,麥片
6,oblige,義務
6,obsess,纏住
6,obstinate,頑固
6,occurrence,發生
6,octopus,章魚
6,odor,氣味
6,offshore,離岸
6,offspring,後代
6,operative,操作性的
6,oppress,壓迫
6,oppression,壓迫
6,ordeal,考驗
6,orderly,秩序
6,organizer,主辦單位
6,orient,東方
6,oriental,東方的
6,originate,起源
6,ornament,裝飾品
6,orphanage,孤兒院
6,orthodox,正統
6,ounce,盎司
6,outbreak,爆發
6,outgoing,外向的
6,outing,郊遊
6,outlaw,取締
6,outlook,前景
6,outnumber,數量多於
6,outrage,暴行
6,outrageous,令人髮指的
6,outright,徹底的
6,outset,一開始
6,outskirts,郊區
6,outward,向外
6,outward/outwards,向外/向外
6,overdo,過度
6,overflow,溢出
6,overhear,無意中聽到
6,overlap,重疊
6,overwork,過度勞累
6,oyster,牡蠣
6,ozone,臭氧
6,packet,包包
6,paddle,槳
6,paperback,平裝
6,paradox,悖論
6,paralyze,癱瘓
6,parliament,議會
6,pastime,消遣
6,patriot,愛國者
6,patriotic,愛國
6,peacock,孔雀
6,pebble,卵石
6,peek,窺視
6,pending,待辦的
6,peninsula,半島
6,perch,棲息
6,peril,危險
6,perish,淪
6,permissible,允許的
6,persevere,堅持
6,persistence,堅持
6,persistent,執著的
6,petrol,汽油
6,petroleum,石油
6,pharmacist,藥師
6,pharmacy,藥局
6,pianist,鋼琴家
6,pickpocket,扒手
6,pilgrim,朝聖
6,pimple,疙瘩
6,pinch,捏
6,plague,瘟疫
6,plantation,種植園
6,playwright,劇作家
6,plow,犁
6,pneumonia,肺炎
6,polar,極性
6,ponder,思考
6,pony,小馬
6,populate,填充
6,porter,搬運工
6,posture,姿勢
6,potent,有力的
6,poultry,家禽
6,preach,傳道
6,precede,領先於
6,precedent,先例
6,precision,精確
6,predecessor,前任
6,prehistoric,史前
6,premiere,首播
6,preside,主持
6,prestige,聲望
6,preventive,預防性的
6,preview,預覽
6,priceless,無價
6,privatize,私有化
6,probe,探測
6,procession,遊行
6,proficiency,熟練程度
6,prohibition,禁止
6,propel,推進
6,prose,散文
6,prosecute,起訴
6,prospective,預期
6,prototype,原型
6,proverb,諺語
6,provincial,省
6,provisional,臨時
6,psychiatry,精神病學
6,psychic,精神
6,psychotherapy,心理治療
6,publicize,宣傳
6,puff,噗
6,punctual,準時
6,purify,淨化
6,purity,純度
6,quake,地震
6,qualification,資質
6,radiant,容光煥發的
6,radiate,輻射
6,radioactive,放射性的
6,radish,蘿蔔
6,radius,半徑
6,rap,饒舌
6,rash,皮疹
6,ratify,核准
6,realization,實現
6,reap,收穫
6,reckless,魯莽
6,reckon,估計
6,reconcile,調和
6,recreational,休閒的
6,redundancy,冗餘
6,reef,礁
6,referee,裁判
6,referendum,公投
6,refine(ment),細化（細化）
6,reflective,反光的
6,refresh(ment),刷新（更新）
6,refreshment(s),茶點）
6,refute,反駁
6,rehabilitate,恢復
6,rehearse,排練
6,reign,在位
6,rejoice,麾
6,relay,中繼
6,relentless,狠
6,reliance,依賴
6,reliant,依賴的
6,relic,遺跡
6,remainder,餘
6,reminiscent,令人懷念的
6,renowned,著名的
6,reproduce,複製
6,reptile,爬蟲
6,resent(ment),怨恨）
6,reside,居住
6,resistant,抵抗的
6,respective,各自
6,restoration,恢復
6,restrain,抑制
6,restraint,克制
6,retort,反駁
6,retrieve,取回
6,revelation,啟示
6,revival,復興
6,revive,復活
6,revolt,反叛
6,revolve,圍繞
6,rigorous,嚴格的
6,ripple,波紋
6,rivalry,對抗
6,roam,漫遊
6,robust,強壯的
6,rotate,旋轉
6,rotation,旋轉
6,royalty,版稅
6,rubbish,垃圾
6,rugged,崎嶇
6,ruthless,無情
6,salute,禮炮
6,salvage,打撈
6,sanitation,衛生
6,savage,野蠻的
6,scenic,風景優美的
6,scorn,輕蔑
6,scrape,刮
6,screwdriver,螺絲起子
6,scroll,捲動
6,scrutiny,審查
6,sculptor,雕塑家
6,seagull/gull,海鷗/海鷗
6,seduce,勾引
6,selective,選擇性的
6,serene,安詳
6,sergeant,軍士
6,serial,連續劇
6,sermon,講道
6,serving,服務
6,setback,挫折
6,shabby,破舊
6,sharpen,銳化
6,shaver,刮鬍刀
6,shortcoming,缺點
6,shortsighted,短視的
6,shred,撕碎
6,shriek,尖叫
6,shrub,灌木
6,shuffle,隨機播放
6,shutter,快門
6,simplicity,簡單
6,simplify,簡化
6,simultaneous,同時
6,skeptical,持懷疑態度的
6,skim,撇去
6,slang,俚語
6,slash,削減
6,slaughter,屠宰
6,slay,殺戮
6,sloppy,馬虎的
6,slum,貧民窟
6,slump,暴跌
6,sly,狡猾
6,smuggle,走私
6,sneaker(s),運動鞋）
6,sneaky,偷偷摸摸的
6,sneeze,噴嚏
6,snore,鼾
6,sociable,善於交際
6,socialism,社會主義
6,socialist,社會主義者
6,socialize,社群
6,sociology,社會學
6,solemn,莊嚴
6,solidarity,團結
6,solitary,孤
6,solitude,孤獨
6,soothe,舒緩
6,sorrowful,悲傷
6,sovereign,主權
6,spacecraft/spaceship,太空船/太空船
6,span,跨距
6,sparrow,麻雀
6,spectacle,奇觀
6,spiral,螺旋
6,splendor,輝煌
6,spokesperson/ spokesman/ spokeswoman,發言人/發言人/發言人
6,spontaneous,自發性的
6,sportsman/sportswoman,男運動員/女運動員
6,sportsmanship,體育精神
6,spotlight,聚光燈
6,spur,支線
6,stabilize,穩定
6,stagger,錯開
6,staple,主食
6,starvation,飢餓
6,statesman,政治家
6,stationary,固定式
6,stationery,靜止的
6,stature,身材
6,statute,法令
6,stepchild,繼子女
6,stepfather,繼父
6,stepmother,後媽
6,stimulation,刺激
6,strait,海峽
6,strangle,扼殺
6,stray,流浪
6,stride,跨步
6,stroll,漫步
6,stun,擊暈
6,stutter,口吃
6,stylish,時髦的
6,subjective,主觀
6,subordinate,下屬
6,subscribe,訂閱
6,subscription,訂閱
6,subsidize,資助
6,succession,演替
6,successive,連續
6,suffocate,窒息
6,suitcase,行李箱
6,summon,召喚
6,superficial,淺
6,superintendent,主管
6,superiority,優勢
6,superstitious,迷信的
6,supplement,補充
6,suppress,壓制
6,surge,湧
6,surgical,外科
6,surname,姓
6,surpass,超過
6,suspense,懸念
6,suspension,暫停
6,swamp,沼澤
6,swarm,蜂群
6,symbolize,象徵
6,symmetry,對稱
6,sympathize,同情
6,symphony,交響樂
6,synonym,代名詞
6,synthetic,合成的
6,syrup,糖漿
6,tan,曬黑
6,tedious,乏味
6,telecommunications,電信
6,teller,出納員
6,tempo,速度
6,tenant,租戶
6,tentative,暫定的
6,terrace,陽台
6,textile,紡織品
6,thereafter,此後
6,thermometer,溫度計
6,tilt,傾斜
6,tiptoe,腳尖
6,tiresome,令人厭煩的
6,token,代幣
6,tornado,龍捲風
6,torrent,激流
6,trademark,商標
6,transcript,成績單
6,transmit,傳送
6,transplant,移植
6,treasury,國庫
6,trek,跋涉
6,trifle,瑣事
6,trillion,百萬
6,tropic,熱帶
6,trout,鱒魚
6,trustee,受託人
6,tuck,塔克
6,turmoil,動盪
6,twilight,暮
6,twinkle,閃爍
6,unanimous,一致
6,unconditional,無條件的
6,underestimate,低估
6,underneath,下
6,underpass,地下通道
6,underway,進行
6,unification,統一
6,unify,統一
6,unveil,揭幕
6,upright,直立
6,uprising,起義
6,upward,向上
6,upward/upwards,向上/向上
6,urgency,緊迫性
6,usher,引座員
6,utensil,用具
6,utter,說出
6,vaccine,疫苗
6,vanilla,香草
6,vanity,虛榮
6,vapor,汽
6,veil,面紗
6,velvet,天鵝絨
6,versatile,多才多藝的
6,veterinarian/vet,獸醫/獸醫
6,veto,否決
6,vibrate,顫動
6,vibration,振動
6,vice,副
6,victor,勝利者
6,vigor,活力
6,vigorous,蓬勃
6,villa,別墅
6,villain,惡棍
6,vine,藤
6,vineyard,葡萄園
6,violinist,小提琴家
6,virgin,處女
6,vitality,活力
6,vocation,職業
6,vocational,職業
6,vowel,母音
6,wag,搖擺
6,walnut,核桃
6,ward,病房
6,wardrobe,衣櫃
6,warrant,保證
6,warranty,保固單
6,waterproof,防水的
6,weary,厭倦
6,wharf,碼頭
6,whiskey/whisky,威士忌/威士忌
6,wholesale,批發的
6,wholesome,健康
6,widow/widower,寡婦/鰥夫
6,withhold,扣壓
6,woe,禍患
6,woodpecker,啄木鳥
6,workforce,勞動力
6,wrestle,搏鬥
6,wrinkle,皺紋
6,yearn,嚮往
6,yoga,瑜珈
6,yogurt,優格
6,zoom,飛漲